Distance,Distance_36k,Line,ANTOSTRAT_basement,bedmap2_bed,Susc,Window_Width,x,y,Depth,Depth_filtered,Depth_36k,binned,counts,oib_basement,oib_basement_filt,filt_clip,misfit,abs_misfit
33000.0,27000.0,403.1,-2988.69211630493,-675.3404098661499,2.196961446981015,5965.86718525,-397998.7036990075,-1356399.68640137,-3468.231567227908,-3468.231567227908,-3545.7890905124814,0.0,30.75,-3535.644183425044,-3585.110527013135,-3585.110527013135,596.4184107082051,596.4184107082051
38000.0,36000.0,403.1,-3144.74671415596,-668.198887719373,8.49159606008008,5651.8741755,-392648.949013029,-1357536.015667085,-6402.940185290246,-6402.940185290246,-3524.027535149654,0.0,30.0,-3482.0195788673627,-3525.307547552931,-3525.307547552931,380.5608333969708,380.5608333969708
43000.0,36000.0,403.1,-3236.7010012253336,-653.9551746772777,1.4918216707415166,7745.160907166666,-387711.3486906327,-1358556.1326097334,-4397.836588354533,-4397.836588354533,-3470.8326220405206,0.0,30.0,-3440.751724114727,-3477.861317897772,-3477.861317897772,241.1603166724385,241.1603166724385
48000.0,36000.0,403.1,-3265.5416418976365,-649.3864125315283,1.5007984074796135,7326.503560833334,-385267.68526683334,-1359007.8109790867,-4061.0789386266265,-4061.0789386266265,-3461.160819657042,0.0,30.0,-3411.840619167137,-3442.7718380476595,-3442.7718380476595,177.23019615002295,177.23019615002295
53000.0,36000.0,403.1,-3309.656059404135,-630.881530471875,12.607121348615355,5023.888156,-380197.66807609354,-1360170.72460767,-5690.89062476804,-5690.89062476804,-3436.981313698345,0.0,30.0,-3395.286264024593,-3420.039108002593,-3420.039108002593,110.38304859845812,110.38304859845812
58000.0,36000.0,403.1,-3330.1619880457247,-593.251041866396,7.171439924934861,6279.860195,-373438.226199668,-1361553.42777817,-4231.8916013811195,-4231.8916013811195,-3407.9044879656785,0.0,30.0,-3391.0886586870947,-3409.6631277625715,-3409.6631277625715,79.50113971684686,79.50113971684686
63000.0,36000.0,403.1,-3331.085392231725,-565.8833398767495,2.3526199134294252,6279.860194999999,-368083.6763260305,-1362675.48750334,-3862.5485838158047,-3862.5485838158047,-3517.6962539123906,0.0,30.0,-3399.2478031546434,-3411.5975916706925,-3411.5975916706925,80.5121994389674,80.5121994389674
68000.0,36000.0,403.1,-3312.5381487829,-539.5086795306585,1.394853467716805,6907.846214499999,-363586.84706722246,-1364776.639604965,-4089.896972479795,-4089.896972479795,-3523.4747679095863,0.0,30.0,-3419.763697427237,-3424.268107392207,-3424.268107392207,111.72995860930723,111.72995860930723
73000.0,72000.0,403.1,-3292.464092655935,-514.0482995143785,1.38949043409131,5651.8741755,-359118.673263826,-1367230.296182325,-3566.735107263555,-3566.735107263555,-3546.588823898368,0.0,16.0,-3452.358507563451,-3445.359392081899,-3445.359392081899,152.8952994259639,152.8952994259639
78000.0,72000.0,403.1,-3286.6036775948623,-499.4940260809795,1.5586061405882976,5651.8741755,-354921.47512001824,-1369177.059285935,-3814.2711179971625,-3814.2711179971625,-3550.922709396264,0.0,16.0,-3487.863713496224,-3472.5561628945493,-3472.5561628945493,185.95248529968694,185.95248529968694
83000.0,72000.0,403.1,-3284.145357295815,-493.881926479529,1.484945091903835,6907.846214499999,-351896.51668534253,-1370579.1204600502,-3960.550048656155,-3960.550048656155,-3552.3673378955627,0.0,16.0,-3521.833972162741,-3503.543136984943,-3503.543136984943,219.39777968912813,219.39777968912813
88000.0,72000.0,403.1,-3281.6870369967673,-488.2698268780785,1.4112840432193725,8163.8182535,-348871.55825066677,-1371981.181634165,-4106.828979315147,-4106.828979315147,-3553.811966394862,0.0,16.0,-3554.2692835630005,-3536.005031507861,-3536.005031507861,254.31799451109373,254.31799451109373
93000.0,72000.0,403.1,-3291.8089659579646,-482.0877275576818,2.23396030542394,4395.9021365,-342061.53952679026,-1375574.6743917824,-5030.428954869065,-5030.428954869065,-3570.5452410267853,0.0,16.0,-3585.169647697003,-3567.6728692749925,-3567.6728692749925,275.86390331702796,275.86390331702796
98000.0,72000.0,403.1,-3353.285205912085,-477.559222662293,4.19361040145256,3139.9300975,-337286.592812244,-1378350.907457355,-5605.143554458515,-5605.143554458515,-3578.008477303254,0.0,16.0,-3614.5350645647477,-3597.8057597758657,-3597.8057597758657,244.5205538637806,244.5205538637806
103000.0,72000.0,403.1,-3422.52242912822,-471.457972436376,4.347176419006375,4395.9021365,-333164.9847504915,-1380754.5566230551,-5188.653320097955,-5188.653320097955,-3585.4717135797223,0.0,16.0,-3642.365534166236,-3627.687152442719,-3627.687152442719,205.1647233144986,205.1647233144986
108000.0,90000.0,403.1,-3535.2563278386497,-463.33933367127497,17.89731154820306,6279.860195,-329517.851587628,-1382923.85248559,-7046.937743861655,-7046.937743861655,-3645.1776037914688,0.0,25.5,-3668.6610565014685,-3659.883946140022,-3659.883946140022,124.62761830137242,124.62761830137242
113000.0,108000.0,403.1,-3758.0216426196503,-495.65359614293095,5.934398607659944,5023.888156,-324505.2895560945,-1385846.0631162,-4569.239501760056,-4569.239501760056,-3779.515856767899,0.0,35.0,-3701.122328163858,-3696.9630397322476,-3696.9630397322476,-61.058602887402685,61.058602887402685
118000.0,108000.0,403.1,-3888.385582149855,-512.676132298036,1.79607819466195,6907.846214499999,-321571.7047773485,-1387566.08577656,-3891.62939436167,-3891.62939436167,-3786.979093044368,0.0,35.0,-3747.45004574682,-3741.4913320838664,-3741.4913320838664,-146.89425006598867,146.89425006598867
123000.0,108000.0,403.1,-4093.4319000039504,-526.4415633334277,2.1582778118458252,6279.860194999999,-315843.13180264697,-1390932.8412767048,-5499.880981219974,-5499.880981219974,-3846.6849832561147,0.0,35.0,-3807.644209250354,-3796.03572205935,-3796.03572205935,-297.39617794460037,297.39617794460037
128000.0,108000.0,403.1,-4230.82298206869,-522.0693770207793,1.786345184686555,7535.8322339999995,-310602.969201579,-1393996.734442735,-6700.251342506484,-6700.251342506484,-3856.2430439284944,0.0,35.0,-3881.70481867446,-3863.1631085231706,-3863.1631085231706,-367.65987354551953,367.65987354551953
133000.0,108000.0,403.1,-4306.421118303895,-520.5785889037275,1.56979983550792,8791.804273,-307327.5130037835,-1395901.045514165,-7304.562987993349,-7304.562987993349,-3867.895928996787,0.0,35.0,-3969.631874019139,-3944.1569409075623,-3944.1569409075623,-362.2641773963328,362.2641773963328
138000.0,108000.0,403.1,-4317.465988523095,-523.612406898704,5.366507359697341,7535.8322339999995,-303669.8861736735,-1398035.883791545,-8334.4111324889,-8334.4111324889,-3891.201699133371,0.0,35.0,-4071.42537528439,-4037.1507898033365,-4037.1507898033365,-280.3151987197584,280.3151987197584
143000.0,108000.0,403.1,-4312.1138536035905,-525.7538561770434,1.3324361756739451,5023.888156,-298675.3180965105,-1400986.6118414002,-4184.49536114839,-4184.49536114839,-3926.160354338247,0.0,35.0,-4187.085322470213,-4136.428715144845,-4136.428715144845,-175.6851384587453,175.6851384587453
148000.0,144000.0,403.1,-4319.20472419632,-529.582729452021,5.57243669002381,7535.8322339999995,-294367.2987267225,-1403569.30421599,-6127.83764623727,-6127.83764623727,-4031.0363199528765,0.0,67.0,-4305.413139121464,-4236.15812502837,-4236.15812502837,-83.04659916795026,83.04659916795026
153000.0,144000.0,403.1,-4337.46874186552,-530.526599364237,2.75103737625641,8163.8182535,-290149.4057380195,-1405989.76826026,-4869.170409952775,-4869.170409952775,-4229.135366113843,0.0,67.0,-4403.311761299409,-4330.506427550186,-4330.506427550186,-6.96231431533397,6.96231431533397
158000.0,144000.0,403.1,-4423.310998777455,-531.177597144597,18.1277505233385,6279.860195,-285742.639671664,-1408541.9266482252,-8817.084960597149,-8817.084960597149,-4357.3171018650555,0.0,67.0,-4480.081277975601,-4413.641030806575,-4413.641030806575,-9.669967970879952,9.669967970879952
163000.0,144000.0,403.1,-4635.220807068266,-535.6708905110447,144.5331012433615,5651.8741755,-278739.607320717,-1412644.3160813467,-13838.042642714792,-13838.042642714792,-4526.450785941223,0.0,67.0,-4535.72168915004,-4479.7293428938165,-4479.7293428938165,-155.4914641744499,155.4914641744499
168000.0,144000.0,403.1,-4673.025841744683,-536.5881242504348,179.66476727582975,5651.8741755,-277550.7685881645,-1413324.9806000984,-15850.578938217945,-15850.578938217945,-4526.617636527155,0.0,67.0,-4570.232994822726,-4524.805201317379,-4524.805201317379,-148.2206404273038,148.2206404273038
173000.0,144000.0,403.1,-4829.32406447182,-542.799796310054,34.84041371706165,7535.8322339999995,-272527.0137316035,-1416362.702514585,-10401.06054647975,-10401.06054647975,-4528.53641826537,0.0,67.0,-4583.615194993658,-4549.690404966916,-4549.690404966916,-279.63365950490424,279.63365950490424
178000.0,153000.0,403.1,-4952.857405013888,-542.8678486121025,44.05204271800443,9419.7902925,-266618.6815431585,-1419733.727377635,-11112.011230048825,-11112.011230048825,-4534.4179014194615,0.0,55.25,-4575.868289662839,-4559.181479784147,-4559.181479784147,-393.67592522974064,393.67592522974064
183000.0,162000.0,403.1,-4979.719095992115,-543.832928754616,34.51214564790105,9419.7902925,-264159.543855848,-1421159.87549536,-10812.77441365295,-10812.77441365295,-4534.54303935891,0.0,43.5,-4552.622983196632,-4558.492040923113,-4558.492040923113,-421.22705506900274,421.22705506900274
188000.0,171000.0,403.1,-5006.580786970342,-544.7980088971294,24.972248577797675,9419.7902925,-261700.4061685375,-1422586.023613085,-10513.537597257075,-10513.537597257075,-4534.668177298359,0.0,31.75,-4537.027726878984,-4552.835703537858,-4552.835703537858,-453.74508343248453,453.74508343248453
193000.0,180000.0,403.1,-4998.805013265245,-554.2120615704847,29.9159748328113,9419.7902925,-255577.26891184924,-1426170.0016819201,-12750.354247570169,-12750.354247570169,-4536.044694632295,0.0,20.0,-4531.585055983839,-4547.426082782423,-4547.426082782423,-451.3789304828224,451.3789304828224
198000.0,180000.0,403.1,-4973.92104191616,-562.3115089617235,22.567535884641796,9419.7902925,-253666.0454475065,-1427290.43309365,-11481.44189409854,-11481.44189409854,-4536.294970511193,0.0,20.0,-4536.294970511193,-4547.476793810851,-4547.476793810851,-426.44424810530927,426.44424810530927
203000.0,180000.0,403.1,-4829.210517218675,-574.527405933396,2.8463395393223,6279.860194999999,-246859.027549925,-1431301.155012575,-5826.880370857075,-5826.880370857075,-4739.987413821047,0.0,20.0,-4551.157470461049,-4557.263001049457,-4557.263001049457,-271.94751616921803,271.94751616921803
208000.0,180000.0,403.1,-4632.25474267574,-571.3051961847133,3.9089442611206096,7745.160907166667,-241263.69029252234,-1434514.12958675,-8575.383463209713,-8575.383463209713,-4775.5527610656245,0.0,20.0,-4576.1725558334065,-4577.433414576778,-4577.433414576778,-54.82132809896211,54.82132809896211
213000.0,180000.0,403.1,-4583.00522840186,-580.1257836883707,2.50957972456149,8582.475599833333,-239749.66909258266,-1435455.28122223,-6373.103840890227,-6373.103840890227,-4782.019187837365,0.0,20.0,-4611.340226628265,-4610.362148271532,-4610.362148271532,27.3569198696714,27.3569198696714
218000.0,198000.0,403.1,-4437.0709740374605,-572.7532025437499,2.641661065413315,6907.846214499999,-233674.772888068,-1439020.61159688,-6492.245605209009,-6492.245605209009,-4856.383095712392,0.0,19.0,-4658.050208042919,-4658.944462961416,-4658.944462961416,221.87348892395585,221.87348892395585
223000.0,216000.0,403.1,-4360.490757528015,-551.420442760974,2.4237237257107,6279.860194999999,-229803.5151724185,-1441269.827153455,-6619.5444333295945,-6619.5444333295945,-4875.782376027615,0.0,18.0,-4729.157458152357,-4726.075619474131,-4726.075619474131,365.5848619461158,365.5848619461158
228000.0,216000.0,403.1,-4386.988780694655,-530.394686495652,5.469358480880166,7535.8322339999995,-225616.138768431,-1443688.505181985,-8105.242187184335,-8105.242187184335,-4914.580936658063,0.0,18.0,-4827.788858650498,-4814.650878637375,-4814.650878637375,427.6620979427198,427.6620979427198
233000.0,216000.0,403.1,-4419.790127980405,-513.503070970924,6.447409724108725,8791.804273,-221030.301627053,-1446333.2709039,-8680.567870758154,-8680.567870758154,-4953.379497288512,0.0,18.0,-4953.9444095373365,-4927.565501278851,-4927.565501278851,507.77537329844654,507.77537329844654
238000.0,216000.0,403.1,-4606.621031099345,-500.25524326481474,3.22377502337046,6593.85320475,-214269.1145714505,-1450322.79612078,-8142.873778979925,-8142.873778979925,-5650.906292494035,0.0,18.0,-5107.624110812876,-5067.48312736004,-5067.48312736004,460.8620962606956,460.8620962606956
243000.0,216000.0,403.1,-4718.91908616547,-511.14450728949055,2.96076209670976,7535.8322339999995,-211236.353260356,-1452076.6900304,-9272.52783167515,-9272.52783167515,-5667.209411389955,0.0,18.0,-5288.827962477118,-5234.623132686972,-5234.623132686972,515.7040465215023,515.7040465215023
248000.0,216000.0,403.1,-4831.217141231595,-522.0337713141663,2.69774917004906,8477.81126325,-208203.5919492615,-1453830.5839400198,-10402.181884370375,-10402.181884370375,-5683.512530285873,0.0,18.0,-5497.555964530058,-5418.725298399021,-5418.725298399021,587.5081571674264,587.5081571674264
253000.0,225000.0,403.1,-5119.487471171313,-532.9407787208878,2.1484178373535876,8791.804273,-201857.591578678,-1457507.6285239374,-10278.697143163718,-10278.697143163718,-5716.118768077712,0.0,16.5,-5731.997490113943,-5604.7010673482155,-5604.7010673482155,485.2135961769027,485.2135961769027
258000.0,234000.0,403.1,-5295.459746044905,-532.9585221029336,1.862099431318815,8163.8182535,-198544.352519189,-1459430.779198235,-9025.558349261835,-9025.558349261835,-5732.4218869736305,0.0,15.0,-5932.401852922796,-5777.461882386581,-5777.461882386581,482.0021363416763,482.0021363416763
263000.0,243000.0,403.1,-5471.432020918497,-532.9762654849792,1.5757810252840425,7535.832234,-195231.11345970002,-1461353.9298725326,-7772.419555359952,-7772.419555359952,-5748.72500586955,0.0,13.5,-6069.799023232503,-5921.919186366143,-5921.919186366143,450.48716544764557,450.48716544764557
268000.0,252000.0,403.1,-5823.1870618900375,-525.0344162919259,1.377356927094155,9105.79728275,-189504.6551236345,-1464690.6637890427,-7124.763793663649,-7124.763793663649,-6123.696740475691,0.0,12.0,-6144.189001043065,-6022.984422138926,-6022.984422138926,199.79736024888825,199.79736024888825
273000.0,252000.0,403.1,-6097.201619153692,-507.735501309376,1.173082692227025,8477.81126325,-186057.39805181348,-1466656.4877415276,-7985.09899871195,-7985.09899871195,-6113.9409787572795,0.0,12.0,-6155.571786354485,-6065.870803699917,-6065.870803699917,-31.330815453775358,31.330815453775358
278000.0,252000.0,403.1,-6432.823573523897,-507.3179998606933,3.412556362091647,7326.503560833334,-180898.79878744934,-1469668.6665468267,-8890.100911115467,-8890.100911115467,-5958.613647219696,0.0,12.0,-6103.947379166761,-6045.749992761765,-6045.749992761765,-387.0735807621322,387.0735807621322
283000.0,252000.0,403.1,-6569.337591202633,-516.5484723290997,5.783369987003093,7745.160907166666,-178218.53816685767,-1471230.9043251134,-9476.088541303483,-9476.088541303483,-5930.372314212862,0.0,12.0,-5989.315779479893,-5966.733218882713,-5966.733218882713,-602.60437231992,602.60437231992
288000.0,270000.0,403.1,-6737.75992279168,-529.3155931650981,3.29405294208121,8791.804273,-173514.0932546425,-1474031.214438695,-7523.09887665765,-7523.09887665765,-5690.320983654779,0.0,14.5,-5811.67698729388,-5837.0429411792575,-5837.0429411792575,-900.7169816124224,900.7169816124224
293000.0,288000.0,403.1,-6488.95772786372,-553.5636480853107,14.55255631881303,7535.8322339999995,-167773.5605390335,-1477395.16916443,-9681.486816035942,-9681.486816035942,-5118.433990266403,0.0,17.0,-5595.698379958199,-5664.901618767886,-5664.901618767886,-824.0561090958336,824.0561090958336
298000.0,288000.0,403.1,-6220.17382133259,-569.2421561338455,24.920489001901622,6907.846214499999,-164494.175883074,-1479278.29535893,-11094.722655830694,-11094.722655830694,-5097.252990511279,0.0,17.0,-5366.047334822327,-5458.5317107650935,-5458.5317107650935,-761.6421105674963,761.6421105674963
303000.0,288000.0,403.1,-5951.38991480146,-584.9206641823803,35.28842168499021,6279.860195,-161214.7912271145,-1481161.4215534301,-12507.958495625448,-12507.958495625448,-5076.071990756153,0.0,17.0,-5122.7238518862605,-5226.15567628737,-5226.15567628737,-725.2342385140901,725.2342385140901
308000.0,288000.0,403.1,-5197.436601432343,-599.3880069980337,24.97155994822547,3977.2447901666665,-153617.15453009767,-1485639.17517083,-10041.805663679701,-10041.805663679701,-4946.683750878911,0.0,17.0,-4865.727931150002,-4975.995974451208,-4975.995974451208,-221.4406269811352,221.4406269811352
313000.0,288000.0,403.1,-5076.144249722847,-599.0852156898134,19.800361343262132,3558.5874438333335,-152537.59151983334,-1486287.832026555,-9071.958495744575,-9071.958495744575,-4923.200509777295,0.0,17.0,-4595.059572613551,-4712.163834814853,-4712.163834814853,-363.9804149079946,363.9804149079946
318000.0,288000.0,403.1,-4709.13849093727,-603.785455020128,8.802317495685436,6907.846214499999,-149016.39860055898,-1488327.28449931,-5711.993407970434,-5711.993407970434,-4794.042683718405,0.0,17.0,-4310.718776276906,-4442.4494578129625,-4442.4494578129625,-266.68903312430757,266.68903312430757
323000.0,288000.0,403.1,-4289.79164534265,-611.028464929473,11.693764269463415,8163.8182535,-143940.887522687,-1491224.5927287051,-5530.29394508611,-5530.29394508611,-4441.794067194158,0.0,17.0,-4012.705542140069,-4190.710332276677,-4190.710332276677,-99.08131306597261,99.08131306597261
328000.0,324000.0,403.1,-4063.2540959244398,-612.0785558126395,1.122435241854295,5651.8741755,-139084.2200613435,-1494043.1808863198,-3485.922607266355,-3485.922607266355,-4300.8946205844595,0.0,38.0,-3747.7610728109853,-3981.2908345642995,-3981.2908345642995,-81.96326136014022,81.96326136014022
333000.0,324000.0,403.1,-3923.7133560205666,-617.0349748883604,42.22847645575996,6070.5315218333335,-133404.71546646435,-1497325.6207789502,-7394.4635413756405,-7394.4635413756405,-3960.3876246110212,0.0,38.0,-3612.289098668544,-3838.5353410341377,-3838.5353410341377,-85.17801498642893,85.17801498642893
338000.0,324000.0,403.1,-3902.9612676868333,-617.2606011116286,83.23878879596198,6489.188868166667,-131152.68061164767,-1498607.10860326,-11051.410969634271,-11051.410969634271,-3936.904383509405,0.0,38.0,-3609.210944875742,-3786.788228044496,-3786.788228044496,-116.17303964233724,116.17303964233724
343000.0,324000.0,403.1,-4094.56385684633,-631.751761032067,2.397297191350135,5651.8741755,-125888.193081187,-1501751.733440545,-3842.38012678525,-3842.38012678525,-3935.5394925342707,0.0,38.0,-3738.5266114325796,-3850.3938719536795,-3850.3938719536795,-244.16998489265052,244.16998489265052
348000.0,324000.0,403.1,-4476.856559732505,-631.280826163071,3.16835557355503,6907.846214499999,-120985.40336080201,-1504556.43818291,-5017.2197263539,-5017.2197263539,-5523.118628813278,0.0,38.0,-4000.236098339056,-4045.9064486853363,-4045.9064486853363,-430.9501110471688,430.9501110471688
353000.0,324000.0,403.1,-4795.82292610542,-629.276556452983,1.6389529260015352,6907.846214499999,-117253.157994598,-1506707.9580611698,-4595.333984181025,-4595.333984181025,-5803.279652862515,0.0,38.0,-4394.33940559517,-4366.55858646068,-4366.55858646068,-429.2643396447402,429.2643396447402
358000.0,333000.0,403.1,-5253.83799170591,-613.8607931671311,10.566105692404786,4395.9021365,-112278.80889326599,-1509605.4424060825,-7806.5729977415685,-7806.5729977415685,-6340.254948956885,0.0,30.75,-4920.836533200925,-4775.272959938184,-4775.272959938184,-478.5650317677264,478.5650317677264
363000.0,342000.0,403.1,-5548.64405404924,-605.367737253335,13.90700904057269,5651.874175499999,-108839.308905121,-1511584.378721905,-7912.367675472276,-7912.367675472276,-6363.601700960988,0.0,23.5,-5536.201925320611,-5231.748128529227,-5231.748128529227,-316.8959255200134,316.8959255200134
368000.0,351000.0,403.1,-5843.45011639257,-596.8746813395389,17.247912388740595,6907.846214499999,-105399.808916976,-1513563.3150377276,-8018.162353202983,-8018.162353202983,-6386.948452965091,0.0,16.25,-6061.497185740761,-5695.682651645191,-5695.682651645191,-147.76746474737865,147.76746474737865
373000.0,360000.0,403.1,-6321.689091149659,-556.303855319115,42.55657349110725,8163.8182535,-98729.2128983546,-1517465.1236012098,-10435.76904257228,-10435.76904257228,-6643.762725010223,0.0,9.0,-6477.377622978838,-6126.775088697458,-6126.775088697458,-194.9140024522012,194.9140024522012
378000.0,360000.0,403.1,-6418.910284495199,-577.021850561753,54.34090309848355,6907.8462145,-93549.98181437884,-1520466.552754745,-10793.443847247381,-10793.443847247381,-6783.843237034842,0.0,9.0,-6783.843237034842,-6484.723999097409,-6484.723999097409,65.81371460220998,65.81371460220998
383000.0,360000.0,403.1,-6429.55707090504,-596.8677555118795,46.578278056536575,6907.8462145,-91925.36521031367,-1521406.1824104975,-9502.430907839022,-9502.430907839022,-6774.129426000022,0.0,9.0,-6980.894027908773,-6736.482201562377,-6736.482201562377,306.9251306573369,306.9251306573369
388000.0,369000.0,403.1,-6428.086377234943,-635.95969727809,29.2009749676409,7535.8322339999995,-86891.7750301058,-1524315.8269845776,-7621.689330755796,-7621.689330755796,-6701.275843238876,0.0,12.75,-7068.529995600631,-6879.931923658832,-6879.931923658832,451.84554642388866,451.84554642388866
393000.0,378000.0,403.1,-6420.583691826356,-648.6888631361339,22.3195261189856,6907.846214499999,-83904.15370337889,-1526045.724949005,-7243.905029011081,-7243.905029011081,-6696.418937721466,0.0,16.5,-7046.7511401104175,-6926.413179225776,-6926.413179225776,505.82948739942003,505.82948739942003
398000.0,387000.0,403.1,-6413.081006417768,-661.418028994178,15.4380772703303,6279.860195,-80916.532376652,-1527775.6229134325,-6866.120727266365,-6866.120727266365,-6691.562032204057,0.0,20.25,-6922.195518319495,-6889.755253432716,-6889.755253432716,476.6742470149484,476.6742470149484
403000.0,396000.0,403.1,-6392.5194479238535,-674.9146571584197,37.122668946451704,5651.8741755,-73047.01994465117,-1532423.6713062967,-11778.626952682002,-11778.626952682002,-6369.387299549212,0.0,24.0,-6756.265156380495,-6783.787431449166,-6783.787431449166,391.26798352531296,391.26798352531296
408000.0,396000.0,403.1,-6400.509956944316,-676.6463617306043,52.40810016139601,6907.846214499999,-70733.93272062243,-1533725.7265882634,-14435.6132807149,-14435.6132807149,-6362.911425525998,0.0,24.0,-6563.895682276487,-6622.338998444637,-6622.338998444637,221.82904150032027,221.82904150032027
413000.0,396000.0,403.1,-6346.6660289459205,-684.6541137151535,6.29345594668339,9419.7902925,-65749.15545546764,-1536582.4904519725,-7748.245849306097,-7748.245849306097,-6307.866496328688,0.0,24.0,-6345.087096007474,-6419.239239588638,-6419.239239588638,72.57321064271764,72.57321064271764
418000.0,396000.0,403.1,-6244.180064960645,-682.0342961702935,7.530004074849391,6907.846214499999,-61620.0727511996,-1538950.0981869102,-9847.51513634267,-9847.51513634267,-6146.521126635621,0.0,24.0,-6099.839397573452,-6187.21109723712,-6187.21109723712,-56.968967723524656,56.968967723524656
423000.0,396000.0,403.1,-6049.462391601515,-661.1042492772615,6.13872240488023,5651.8741755,-57922.293569156405,-1541101.0476625501,-10549.4355464746,-10549.4355464746,-6045.4334208634555,0.0,24.0,-5828.152586974425,-5928.743842720596,-5928.743842720596,-120.71854888091912,120.71854888091912
428000.0,408000.0,403.1,-5537.718882108494,-634.067293892559,4.09078458162216,6907.8462145,-53371.4487124959,-1543734.78837521,-9293.686848601496,-9293.686848601496,-5961.193666053318,0.0,17.666666666666668,-5530.026664210389,-5643.837476039065,-5643.837476039065,106.11859393057148,106.11859393057148
433000.0,420000.0,403.1,-5149.7035123872165,-617.932748653827,3.1524120178760704,6907.8462145,-50023.8187461607,-1545644.06556416,-8662.708658519194,-8662.708658519194,-5927.497764129263,0.0,11.333333333333334,-5205.461629281349,-5332.4919971925265,-5332.4919971925265,182.78848480530996,182.78848480530996
438000.0,432000.0,403.1,-4253.55581876797,-578.9253071573783,4.645038379821236,9001.132946166666,-42936.6969861688,-1549808.44511408,-9802.105305615107,-9802.105305615107,-5759.018254508987,0.0,5.0,-4854.457482187299,-4994.707406180982,-4994.707406180982,741.1515874130118,741.1515874130118
443000.0,432000.0,403.1,-3968.90688129866,-562.1130228726477,3.0294287187661433,8582.475599833333,-40842.8991571149,-1551014.2001419,-8122.569010100413,-8122.569010100413,-5725.322352584933,0.0,5.0,-4477.0142229282455,-4632.549320726928,-4632.549320726928,663.6424394282681,663.6424394282681
448000.0,432000.0,403.1,-3516.969267503123,-539.9814385592786,1.4169843380467078,6907.846214499999,-37015.4579473473,-1553219.5792515676,-6192.2991940865995,-6192.2991940865995,-5641.082597774795,0.0,5.0,-4073.1318515041835,-4256.575342523135,-4256.575342523135,739.6060750200122,739.6060750200122
453000.0,438000.0,403.1,-2837.0790339903815,-540.916413988351,1.3986617998183668,3139.9300975,-28665.8431412738,-1558041.7140033185,-4841.06184875584,-4841.06184875584,-5323.208060236115,0.0,8.166666666666666,-3655.204074250104,-3878.2611255834818,-3878.2611255834818,1041.1820915931003,1041.1820915931003
458000.0,444000.0,403.1,-2659.054829456323,-557.8092895033391,1.3708434205830533,3139.9300975,-25517.1584773414,-1559864.9765095266,-4242.02506492244,-4242.02506492244,-5285.0179624286,0.0,11.333333333333332,-3274.182794987631,-3509.082323921846,-3509.082323921846,850.027494465523,850.027494465523
463000.0,450000.0,403.1,-2481.030624922265,-574.702165018327,1.34302504134774,3139.9300975,-22368.473813409,-1561688.239015735,-3642.98828108904,-3642.98828108904,-5246.8278646210865,0.0,14.5,-2935.576327643425,-3160.514591552108,-3160.514591552108,679.483966629843,679.483966629843
468000.0,456000.0,403.1,-2303.0064203882066,-591.595040533315,1.3152066621124268,3139.9300975,-19219.7891494766,-1563511.5015219434,-3043.95149725564,-3043.95149725564,-5208.637766813573,0.0,17.666666666666664,-2639.3846722174867,-2844.0335824881463,-2844.0335824881463,541.0271620999397,541.0271620999397
473000.0,462000.0,403.1,-2124.9822158541483,-608.4879160483031,1.2873882828771133,3139.9300975,-16071.104485544201,-1565334.7640281515,-2444.91471342224,-2444.91471342224,-5170.447669006058,0.0,20.833333333333332,-2385.607828709817,-2569.0493330213426,-2569.0493330213426,444.0671171671943,444.0671171671943
478000.0,468000.0,403.1,-1827.71622863521,-623.636098538148,7.043752946275905,8791.804273,-9959.6739018384,-1568833.8507690402,-5313.797851343616,-5313.797851343616,-3871.984343550582,0.0,24.0,-2174.2457971204144,-2336.4798954728058,-2336.4798954728058,508.7636668375958,508.7636668375958
483000.0,468000.0,403.1,-1753.4620976911701,-626.3921069890534,2.3177238969942,8791.804273,-5249.001184630781,-1571648.0060199802,-3958.772949046845,-3958.772949046845,-2268.0002356349933,0.0,24.0,-2005.2985774492795,-2146.325269842537,-2146.325269842537,392.86317215136705,392.86317215136705
488000.0,468000.0,403.1,-1687.48927311658,-644.8795456596395,1.1571603493184601,4395.9021365,-839.1966238053124,-1574182.73052731,-2672.921264521105,-2672.921264521105,-1921.3884718835816,0.0,24.0,-1878.7661696964124,-1998.5854561305366,-1998.5854561305366,311.09618301395653,311.09618301395653
493000.0,468000.0,403.1,-1697.6971613343333,-639.1979932967563,1.26404258350778,3558.5874438333335,3701.479357991824,-1576770.4289173633,-2634.7862954469065,-2634.7862954469065,-1917.842947625621,0.0,24.0,-1794.6485738618135,-1893.2604543368034,-1893.2604543368034,195.56329300247012,195.56329300247012
498000.0,468000.0,403.1,-1723.2165430429168,-630.1348296622717,1.2493426225917101,3977.2447901666665,7056.836067951963,-1578697.3634326868,-2447.555012901313,-2447.555012901313,-1917.1983068514464,0.0,24.0,-1752.9457899454821,-1827.975626952755,-1827.975626952755,104.75908390983818,104.75908390983818
503000.0,468000.0,403.1,-1783.521208847785,-617.6819641953975,1.8765924246752101,8163.8182535,11795.4612922279,-1581395.63182317,-2429.86120593578,-2429.86120593578,-1909.7849379484383,0.0,24.0,-1753.6578179474186,-1795.4586466083545,-1795.4586466083545,11.937437760569537,11.937437760569537
508000.0,504000.0,403.1,-1883.14958193079,-586.935821539499,1.113002976737405,5651.8741755,16791.6083105288,-1584256.084881045,-2337.11535632962,-2337.11535632962,-1882.7100254331044,0.0,43.0,-1782.536832816123,-1788.2887710892794,-1788.2887710892794,-94.86081084151056,94.86081084151056
513000.0,504000.0,403.1,-1924.06118126052,-577.289268481194,1.779450586958085,3139.9300974999996,19536.1584915177,-1585862.757119535,-2699.702514520175,-2699.702514520175,-1880.7761031105806,0.0,43.0,-1810.196695382877,-1799.0452581812067,-1799.0452581812067,-125.01592307931332,125.01592307931332
518000.0,504000.0,403.1,-2002.7590557325,-566.1836025169034,8.356421233560784,9419.7902925,25137.462057081502,-1589137.347332995,-6173.48339818881,-6173.48339818881,-1869.1725691754373,0.0,43.0,-1835.7469165819618,-1820.3073656698136,-1820.3073656698136,-182.45169006268634,182.45169006268634
523000.0,504000.0,403.1,-2056.059972562595,-558.4553146126975,2.797962375557295,6907.8462145,30563.988419412148,-1592361.58838848,-3384.5762937933096,-3384.5762937933096,-1859.6049673148768,0.0,43.0,-1859.1874964133779,-1844.6543513407778,-1844.6543513407778,-211.405621221817,211.405621221817
528000.0,504000.0,403.1,-2110.6659718766796,-532.186374177325,3.207878741271035,7535.8322339999995,34768.2012621999,-1594739.18687532,-3958.2258299062346,-3958.2258299062346,-1899.0994917818234,0.0,43.0,-1880.5184348771252,-1867.0401104883595,-1867.0401104883595,-243.62586138832012,243.62586138832012
533000.0,504000.0,403.1,-2167.215525579315,-514.3917973310874,11.325567482701885,7535.8322339999995,38466.86884286305,-1596732.4361998849,-5661.50292945656,-5661.50292945656,-1928.7203851320332,0.0,43.0,-1899.7397319732029,-1888.4547341711443,-1888.4547341711443,-278.7607914081707,278.7607914081707
538000.0,504000.0,403.1,-2235.153722323625,-503.066072758453,5.9840541555473905,6279.860194999999,42833.5157994042,-1599224.2795059,-4467.772460747945,-4467.772460747945,-2007.7094340659264,0.0,43.0,-1916.8513877016117,-1914.7172525593703,-1914.7172525593703,-320.43646976425475,320.43646976425475
543000.0,522000.0,403.1,-2298.6064402063903,-489.430956671056,2.8142110247647,5651.8741755,45769.4789567976,-1600929.33853176,-3106.7655027873147,-3106.7655027873147,-2017.583065182663,0.0,39.0,-1938.684437479587,-1952.152698446774,-1952.152698446774,-346.4537417596164,346.4537417596164
548000.0,540000.0,403.1,-2410.997521741815,-465.806865004531,3.027307733025455,3139.9300974999996,51220.6554322841,-1604130.1901298598,-3390.7568357852797,-3390.7568357852797,-2057.0775896496093,0.0,35.0,-1993.3220269113176,-2007.086104627091,-2007.086104627091,-403.91141711472414,403.91141711472414
553000.0,540000.0,403.1,-2471.4489966266,-460.68569211666147,3.83357511105962,8791.804273,55732.735455661,-1606694.42202427,-4104.35839826054,-4104.35839826054,-2165.6875319337123,0.0,35.0,-2083.800171737798,-2085.842503894058,-2085.842503894058,-385.60649273254194,385.60649273254194
558000.0,540000.0,403.1,-2508.74022672058,-472.123403923862,3.4533434738490554,8163.8182535,60207.814406558944,-1609285.771078905,-2896.855468614905,-2896.855468614905,-2210.1188719590273,0.0,35.0,-2210.1188719590277,-2194.746929041412,-2194.746929041412,-313.9932976791679,313.9932976791679
563000.0,546000.0,403.1,-2598.1890583608265,-457.5715152432682,1.461240700088425,5861.202848666667,67424.5018571735,-1613416.8957438217,-4311.631998513773,-4311.631998513773,-3142.63560713076,0.0,34.333333333333336,-2372.2781275750067,-2338.985906960016,-2338.985906960016,-259.2031514008104,259.2031514008104
568000.0,552000.0,403.1,-2643.994100133123,-450.93579974427934,1.3911217887257201,6070.5315218333335,70429.8777077069,-1615141.7069699634,-4677.513997199007,-4677.513997199007,-3152.883043780999,0.0,33.666666666666664,-2570.277938585735,-2519.06544027337,-2519.06544027337,-124.92865985975322,124.92865985975322
573000.0,558000.0,403.1,-2689.7991419054197,-444.3000842452905,1.3210028773630151,6279.860195,73435.2535582403,-1616866.518196105,-5043.395995884241,-5043.395995884241,-3163.1304804312376,0.0,33.0,-2804.1183049912115,-2734.9855289814727,-2734.9855289814727,45.18638707605305,45.18638707605305
578000.0,564000.0,403.1,-2735.6041836777167,-437.6643687463017,1.25088396600031,6489.188868166667,76440.6294087737,-1618591.3294222467,-5409.277994569474,-5409.277994569474,-3173.3779170814764,0.0,32.333333333333336,-3073.7992267914397,-2986.7461730843247,-2986.7461730843247,251.141989406608,251.141989406608
583000.0,570000.0,403.1,-2781.4092254500133,-431.02865324731283,1.180765054637605,6698.517541333334,79446.0052593071,-1620316.1406483883,-5775.159993254707,-5775.159993254707,-3183.625353731715,0.0,31.666666666666668,-3379.3207039864155,-3274.3473725819263,-3274.3473725819263,492.93814713191296,492.93814713191296
18000.0,0.0,403.1,-2526.03940162415,-670.3614200722535,6.852550626008725,8791.804273,-412542.040995614,-1353389.316735895,-5363.229247826275,-5363.229247826275,-3770.658495928363,1.0,33.0,,,,,
54000.0,36000.0,403.1,-3326.63668849945,-608.444351907281,13.67555784488407,3767.9161169999998,-376178.826304561,-1361100.230449065,-5654.050292738065,-5654.050292738065,-3393.4582029726903,1.0,30.0,,,,,
90000.0,72000.0,403.1,-3288.0414357997197,-481.9812158279805,1.8279622681930001,5651.8741755,-343181.8276102005,-1374933.838825995,-4608.67675761806,-4608.67675761806,-3566.8136228885514,1.0,16.0,,,,,
126000.0,108000.0,403.1,-4162.12744103632,-524.2554701771035,1.97231149826619,6907.846214499999,-313223.05050211295,-1392464.78785972,-6100.066161863229,-6100.066161863229,-3850.4166013943486,1.0,35.0,,,,,
162000.0,144000.0,403.1,-4597.41577239185,-534.7536567716545,109.40143521089327,5651.8741755,-279928.4460532695,-1411963.651562595,-11825.506347211638,-11825.506347211638,-4526.283935355292,1.0,67.0,,,,,
198000.0,180000.0,403.1,-4973.92104191616,-562.3115089617235,22.567535884641796,9419.7902925,-253666.0454475065,-1427290.43309365,-11481.44189409854,-11481.44189409854,-4536.294970511193,1.0,20.0,,,,,
234000.0,216000.0,403.1,-4426.413605743364,-509.2027086562195,3.1653703468815397,8791.804273,-220211.052815482,-1446814.689100915,-7122.607177452779,-7122.607177452779,-4982.478417761348,1.0,18.0,,,,,
270000.0,252000.0,403.1,-5960.194340521864,-516.384958800651,1.27521980966059,8791.804273,-187781.026587724,-1465673.5757652852,-7554.9313961878,-7554.9313961878,-6156.302978267529,1.0,12.0,,,,,
306000.0,288000.0,403.1,-5318.72895314184,-599.690798306254,30.142758553188802,4395.9021365,-154696.717540362,-1484990.518315105,-11011.652831614825,-11011.652831614825,-4970.166991980528,1.0,17.0,,,,,
342000.0,324000.0,403.1,-4016.716675044825,-630.5306445836235,3.8611438891241505,8791.804273,-126969.7062167345,-1501096.4501896,-4783.466552533875,-4783.466552533875,-3702.0719724932405,1.0,38.0,,,,,
378000.0,360000.0,403.1,-6418.910284495199,-577.021850561753,54.34090309848355,6907.8462145,-93549.98181437884,-1520466.552754745,-10793.443847247381,-10793.443847247381,-6783.843237034842,1.0,9.0,,,,,
414000.0,396000.0,403.1,-6336.167218813291,-687.123386782554,6.7995441262244505,9419.7902925,-65204.3159846176,-1536896.197712975,-8005.771972344045,-8005.771972344045,-6298.152685293869,1.0,24.0,,,,,
486000.0,468000.0,403.1,-1721.7261810528548,-634.6940757335406,1.996973762663995,6279.860194999999,-3124.963597346305,-1572882.90954535,-3602.9564207388653,-3602.9564207388653,-1924.2893553673673,1.0,24.0,,,,,
522000.0,504000.0,403.1,-2042.06569739253,-560.0427928729171,2.93863032127391,6907.8462145,29144.4300566688,-1591495.68049925,-3770.8669431939798,-3770.8669431939798,-1854.6681517565085,1.0,43.0,,,,,
558000.0,540000.0,403.1,-2508.74022672058,-472.123403923862,3.4533434738490554,8163.8182535,60207.814406558944,-1609285.771078905,-2896.855468614905,-2896.855468614905,-2210.1188719590273,1.0,35.0,,,,,
594000.0,576000.0,403.1,-2920.585184938945,-408.485836555758,1.3897756985170702,8791.804273,91297.12862437134,-1627199.309975755,-4344.9492185647,-4344.9492185647,-4177.626708804881,1.0,31.0,,,,,
33000.0,0.0,403.3,-2665.6790257987,-587.9564467558333,2.4497926287838867,7829.021754166667,287905.933393181,-1995946.0858339467,-4412.587890437357,-4412.587890437357,-3411.255171559314,0.0,7.0,-3190.9728168051465,-3254.2354033093343,-3254.2354033093343,588.5563775106343,588.5563775106343
38000.0,36000.0,403.3,-2869.3372416927973,-789.619970714475,2.85161574519807,6710.590075,279112.3988901195,-1990746.18055528,-4447.394897272088,-4447.394897272088,-3209.918654105152,0.0,46.0,-3121.456340512044,-3176.9450138277857,-3176.9450138277857,307.6077721349884,307.6077721349884
43000.0,36000.0,403.3,-2946.6493142620247,-927.30644684598,3.17998112885313,6039.5310675,276680.476746527,-1989326.2623533001,-3835.017333816755,-3835.017333816755,-3202.2729635689184,0.0,46.0,-3067.4876905958345,-3115.202450723129,-3115.202450723129,168.55313646110426,168.55313646110426
48000.0,36000.0,403.3,-3023.9613868312526,-1064.992922977485,3.50834651250819,5368.47206,274248.5546029345,-1987906.34415132,-3222.6397703614225,-3222.6397703614225,-3194.627273032684,0.0,46.0,-3029.0668670565165,-3069.007713995365,-3069.007713995365,45.04632716411243,45.04632716411243
53000.0,36000.0,403.3,-3198.209176782955,-1574.394576247955,18.25223991874275,9394.826105,267383.5961601045,-1983847.8584139352,-6117.209716550138,-6117.209716550138,-3018.7763906993023,0.0,46.0,-3006.1938698940917,-3038.3608036444944,-3038.3608036444944,-159.84837313846083,159.84837313846083
58000.0,36000.0,403.3,-3225.8853410021447,-1650.387958640945,14.65259536945305,9394.826105,265078.3907070035,-1982476.978808885,-4204.034423647712,-4204.034423647712,-3005.4609975544327,0.0,46.0,-2998.8686991085597,-3023.2617196705164,-3023.2617196705164,-202.62362133162833,202.62362133162833
63000.0,36000.0,403.3,-3394.51187254449,-1685.95965289072,11.243595095798867,4473.726716666667,259483.816224441,-1979221.5706488932,-3358.7682290155567,-3358.7682290155567,-3056.1780210294605,0.0,46.0,-3007.091354699921,-3023.6654720911993,-3023.6654720911993,-370.8464004532907,370.8464004532907
68000.0,36000.0,403.3,-3478.57167961478,-1723.44101898965,11.421488238866035,4250.040380833333,257339.569601124,-1977943.5613022768,-3459.773762866223,-3459.773762866223,-3057.495346314526,0.0,46.0,-3030.861836668174,-3038.0424015106782,-3038.0424015106782,-440.52927810410165,440.52927810410165
73000.0,54000.0,403.3,-3681.38096280451,-1854.964136586185,34.52864379424405,4026.354045,252479.145150783,-1975079.76677207,-7492.224609080605,-7492.224609080605,-3147.7321283415235,0.0,59.5,-3069.9102051199325,-3064.143008817386,-3064.143008817386,-617.237953987124,617.237953987124
78000.0,72000.0,403.3,-4050.7308075150086,-1932.443316420515,42.85880247367325,8388.23759375,247300.099357784,-1972145.9282791,-9721.203612909576,-9721.203612909576,-3171.4439834727054,0.0,73.0,-3115.3284435733904,-3099.7177948997573,-3099.7177948997573,-951.0130126152512,951.0130126152512
83000.0,72000.0,403.3,-4208.139575816954,-1902.176321176795,3.3609994466993696,4026.354045,243410.86290607252,-1969756.891881715,-3820.32617170789,-3820.32617170789,-3191.2038627486904,0.0,73.0,-3162.797513734341,-3142.5172606462233,-3142.5172606462233,-1065.6223151707304,1065.6223151707304
88000.0,72000.0,403.3,-4366.661219878677,-1793.700711236145,85.22035147573476,8220.472841875,238772.5078060155,-1966876.215389895,-14496.258544384626,-14496.258544384626,-3230.72362130066,0.0,73.0,-3212.3174156027835,-3190.2919069452187,-3190.2919069452187,-1176.3693129334583,1176.3693129334583
93000.0,72000.0,403.3,-4386.016846444787,-1624.4353354754348,64.7798275479795,7046.11957875,234181.97742989898,-1964168.7512363102,-12381.991942895434,-12381.991942895434,-3244.067935181672,0.0,73.0,-3263.8881491787183,-3240.8372246674076,-3240.8372246674076,-1145.1796217773795,1145.1796217773795
98000.0,72000.0,403.3,-4457.195602204032,-1393.77706547319,5.037464145320315,3690.82454125,229388.059484309,-1961373.385001205,-6110.113281003511,-6110.113281003511,-3266.8045870884994,0.0,73.0,-3317.5097144621454,-3293.4333740970883,-3293.4333740970883,-1163.762228106944,1163.762228106944
103000.0,72000.0,403.3,-4595.182488368882,-1284.616737621365,1.148396988706275,8052.70809,225398.801803713,-1959000.044522935,-3521.886230311985,-3521.886230311985,-3479.013338218887,0.0,73.0,-3373.182111453065,-3352.6795683004334,-3352.6795683004334,-1242.502920068449,1242.502920068449
108000.0,90000.0,403.3,-4686.341245744756,-1228.0429567596,28.3357232707857,7381.6490825,220629.355248004,-1956176.11194205,-8995.01538051286,-8995.01538051286,-3623.012133628793,0.0,76.5,-3430.9053401514766,-3427.7742334097875,-3427.7742334097875,-1258.5670123349682,1258.5670123349682
113000.0,108000.0,403.3,-4728.174374129575,-1158.464141194075,25.809994666741247,7717.17858625,216838.289103004,-1953937.9869884201,-10013.52343711818,-10013.52343711818,-3691.222089349275,0.0,80.0,-3518.2746789544126,-3527.9157955574924,-3527.9157955574924,-1200.2585785720826,1200.2585785720826
118000.0,108000.0,403.3,-4793.109379383623,-1074.678007050545,30.5305843413925,7717.17858625,212604.980175069,-1951421.763282215,-8459.849364906446,-8459.849364906446,-3804.9053488834115,0.0,80.0,-3662.8854062589044,-3662.3026808758946,-3662.3026808758946,-1130.806698507728,1130.806698507728
123000.0,108000.0,403.3,-4881.146261506898,-1049.4894613249699,15.356470171702965,8052.70809,209233.2264362495,-1949401.11793058,-6854.92553683706,-6854.92553683706,-3842.7997687281236,0.0,80.0,-3864.7375220649524,-3840.1333154973363,-3840.1333154973363,-1041.0129460095613,1041.0129460095613
128000.0,108000.0,403.3,-5162.739409291275,-959.00390260912,7.672877233177265,4697.4130525,203141.29871775373,-1945800.772982745,-4949.853759559361,-4949.853759559361,-4044.8101604832063,0.0,80.0,-4123.831026372556,-4070.6061255541626,-4070.6061255541626,-1092.133283737112,1092.133283737112
133000.0,108000.0,403.3,-5546.592532803246,-862.4429248142054,9.269481292313161,8500.080761666666,197285.97235255566,-1942261.1129764968,-5773.753254973503,-5773.753254973503,-5230.764086245947,0.0,80.0,-4440.165919181717,-4358.320324112544,-4358.320324112544,-1188.2722086907024,1188.2722086907024
138000.0,108000.0,403.3,-5602.024379741863,-820.8956463832947,6.459134487341321,7605.335418333333,194318.55083457733,-1940486.2080407133,-5679.375162528856,-5679.375162528856,-5251.754421215198,0.0,80.0,-4813.742200492432,-4694.029593114729,-4694.029593114729,-907.9947866271341,907.9947866271341
143000.0,108000.0,403.3,-5659.991593074935,-776.4386643034791,3.5425267461928103,7046.11957875,191198.0791801685,-1938618.5375780952,-5540.98461891386,-5540.98461891386,-5304.230258638328,0.0,80.0,-5244.559870304704,-5049.417083508849,-5049.417083508849,-610.5745095660859,610.5745095660859
148000.0,144000.0,403.3,-5709.21164675285,-717.4415897223664,3.14402108235191,6375.06057125,187993.568930945,-1936763.0444798302,-6267.1535642011895,-6267.1535642011895,-5870.969302808133,0.0,33.0,-5677.141020272015,-5395.588051364426,-5395.588051364426,-313.6235953884243,313.6235953884243
153000.0,144000.0,403.3,-5745.256498749607,-658.9625313918783,35.212660696879105,4250.040380833333,182797.925471808,-1933747.5999123966,-8261.30891894978,-8261.30891894978,-5923.445140231263,0.0,33.0,-5997.062464429671,-5703.647752750981,-5703.647752750981,-41.608745998625636,41.608745998625636
158000.0,144000.0,403.3,-5750.447237448953,-640.5680582135396,68.81656061737955,4473.726716666667,179716.14536381498,-1931932.5905562034,-10386.73697877194,-10386.73697877194,-5944.435475200515,0.0,33.0,-6200.856833506015,-5944.701443738038,-5944.701443738038,194.25420628908432,194.25420628908432
163000.0,144000.0,403.3,-5689.551905144205,-597.4660050149548,83.5702352226786,6542.825323125,174227.007041328,-1928728.7995475675,-12758.929687023025,-12758.929687023025,-6259.923916374292,0.0,33.0,-6288.524127501049,-6089.854380395118,-6089.854380395118,400.3024752509127,400.3024752509127
168000.0,144000.0,403.3,-5423.162024727715,-566.248324060625,41.63681231922852,4697.4130525,168767.17730346048,-1925417.2002059151,-7309.874511430669,-7309.874511430669,-6097.06856970025,0.0,33.0,-6260.0643464147715,-6119.458136849495,-6119.458136849495,696.2961121217795,696.2961121217795
173000.0,144000.0,403.3,-5156.595715983035,-574.3410947963125,45.20759559916265,8052.70809,165307.3940356395,-1923373.468471065,-7582.88867157745,-7582.88867157745,-5771.3578763521655,0.0,33.0,-6115.47749024718,-6038.323455405211,-6038.323455405211,881.7277394221755,881.7277394221755
178000.0,162000.0,403.3,-4779.79516063169,-578.550791713503,34.109231181786214,5032.94255625,161081.12882531201,-1920840.02642517,-8482.671386390011,-8482.671386390011,-5242.077999661529,0.0,23.5,-5854.763558998279,-5873.992259440261,-5873.992259440261,1094.1970988085704,1094.1970988085704
183000.0,180000.0,403.3,-4151.44102108821,-600.0979482420985,2.8420864152711,5368.47206,155123.289081952,-1917305.35725035,-4996.5727536983595,-4996.5727536983595,-5038.508816318976,0.0,14.0,-5510.254375763971,-5656.401422191594,-5656.401422191594,1504.9604011033844,1504.9604011033844
188000.0,180000.0,403.3,-3846.568703205675,-609.80978434596,9.28727263738635,6375.06057125,152580.749333356,-1915797.988081485,-7028.5998532372905,-7028.5998532372905,-4916.367306313445,0.0,14.0,-5214.8696577163155,-5415.48781689616,-5415.48781689616,1568.9191136904856,1568.9191136904856
193000.0,180000.0,403.3,-3402.8101805085253,-650.9062915008519,9.834103443247749,6375.06057125,148617.114755627,-1913432.2271861848,-8379.875732096702,-8379.875732096702,-4875.653469644934,0.0,14.0,-4982.979104009049,-5181.18831679091,-5181.18831679091,1778.3781362823847,1778.3781362823847
198000.0,180000.0,403.3,-2882.54229821211,-701.2938431763,16.450140522379748,9059.29660125,143861.02455389948,-1910551.230838245,-11544.403319877601,-11544.403319877601,-4814.582714642168,0.0,14.0,-4814.582714642168,-4983.439795112792,-4983.439795112792,2100.897496900682,2100.897496900682
203000.0,180000.0,403.3,-2607.741127483555,-727.9122306490116,14.684182256128285,8556.002345625,139736.613658113,-1908064.32807071,-10923.53466755536,-10923.53466755536,-4874.223095499476,0.0,14.0,-4709.680489615676,-4846.790487916106,-4846.790487916106,2239.049360432551,2239.049360432551
208000.0,180000.0,403.3,-2441.59983794043,-741.827227529609,10.69308206926447,8388.23759375,136668.807068422,-1906255.29959765,-9749.54589806482,-9749.54589806482,-4886.151171670937,0.0,14.0,-4668.272428929571,-4772.960638074034,-4772.960638074034,2331.3608001336042,2331.3608001336042
213000.0,180000.0,403.3,-2275.458548397305,-755.7422244102065,6.701981882400656,8220.472841875,133601.000478731,-1904446.2711245902,-8575.55712857428,-8575.55712857428,-4898.079247842399,0.0,14.0,-4690.358532583855,-4755.034498982402,-4755.034498982402,2479.5759505850965,2479.5759505850965
218000.0,198000.0,403.3,-2129.96809638276,-784.822900174031,1.5541556098092,6710.590075,127186.03507119449,-1900646.766452895,-6033.95507788115,-6033.95507788115,-4981.57578104263,0.0,11.5,-4771.890558663887,-4784.578233319043,-4784.578233319043,2654.6101369362827,2654.6101369362827
223000.0,216000.0,403.3,-2254.21656919696,-999.005818159756,1.87736380381864,7157.962746666667,121721.22928088534,-1897367.45484522,-6236.354491936633,-6236.354491936633,-5021.336034947502,0.0,9.0,-4875.422269459253,-4853.158003761792,-4853.158003761792,2598.9414345648324,2598.9414345648324
228000.0,216000.0,403.3,-2348.80304834113,-1188.277414358388,1.7717342362586999,8276.394425833334,118402.35537884067,-1895384.58516422,-5961.1230466336765,-5961.1230466336765,-5037.240136509451,0.0,9.0,-4991.845120662016,-4952.339972988485,-4952.339972988485,2603.536924647355,2603.536924647355
233000.0,216000.0,403.3,-2496.1545978610675,-1428.5125446507125,1.2533463639459725,7717.17858625,114071.38914273551,-1892819.875010455,-5098.525512483888,-5098.525512483888,-5124.71269510017,0.0,9.0,-5121.159112272174,-5073.690303676955,-5073.690303676955,2577.535705815888,2577.535705815888
238000.0,216000.0,403.3,-2768.756974986305,-1548.8068890003951,4.581496176333115,6039.5310675,109917.347046472,-1890378.84994357,-7365.048095413124,-7365.048095413124,-5163.703602965197,0.0,9.0,-5263.364244289728,-5209.449865490812,-5209.449865490812,2440.692890504507,2440.692890504507
243000.0,225000.0,403.3,-3339.366268564675,-1577.0996834586276,20.85196661419966,8220.472841875,103719.77537549067,-1886701.5989783849,-10861.769042557526,-10861.769042557526,-5201.540491770458,0.0,16.75,-5418.460516714678,-5357.566840771129,-5357.566840771129,2018.2005722064541,2018.2005722064541
248000.0,234000.0,403.3,-3650.83143704537,-1545.342642631025,33.09304339315107,7717.17858625,100814.11852640036,-1884962.34169206,-12255.79687454045,-12255.79687454045,-5204.0629510241415,0.0,24.5,-5586.447929547025,-5499.894513526097,-5499.894513526097,1849.0630764807274,1849.0630764807274
253000.0,243000.0,403.3,-3962.296605526065,-1513.5856018034224,45.33412017210249,7213.884330625,97908.46167731003,-1883223.0844057351,-13649.824706523375,-13649.824706523375,-5206.585410277826,0.0,32.25,-5764.124121141154,-5609.746536708935,-5609.746536708935,1647.4499311828704,1647.4499311828704
258000.0,252000.0,403.3,-4587.400498886185,-1461.24500674496,22.981002013455,5704.00156375,92313.63571555905,-1879857.633525905,-11097.4521480181,-11097.4521480181,-5224.242625053615,0.0,40.0,-5845.811157191821,-5660.436563272867,-5660.436563272867,1073.0360643866816,1073.0360643866816
263000.0,252000.0,403.3,-5091.53497520144,-1454.5484870842251,23.611660860672153,7381.6490825,87950.91831692135,-1877254.85555302,-10538.68310506875,-10538.68310506875,-5395.7698543041315,0.0,40.0,-5780.271251369209,-5625.278246171113,-5625.278246171113,533.7432709696732,533.7432709696732
268000.0,252000.0,403.3,-5346.573510893009,-1424.2079640150525,15.987199305078377,7213.884330625,85563.62677353021,-1875815.9862270802,-5807.9111325764825,-5807.9111325764825,-5436.129202363076,0.0,40.0,-5567.504403673318,-5477.585238356893,-5477.585238356893,131.0117274638833,131.0117274638833
273000.0,252000.0,403.3,-5960.7804191848645,-1352.88675304347,48.54015524377185,9059.29660125,79616.46311881195,-1872196.7417810848,-9251.19189417585,-9251.19189417585,-5188.539316685179,0.0,40.0,-5207.5106141041515,-5191.204919724364,-5191.204919724364,-769.5754994605004,769.5754994605004
278000.0,252000.0,403.3,-6147.979101005007,-1295.1389564304734,114.44446752637987,8947.453433333334,74349.57986026224,-1869093.38272624,-9928.2900386836,-9928.2900386836,-4966.526913007217,0.0,40.0,-4700.289882661706,-4757.597659218558,-4757.597659218558,-1390.3814417864487,1390.3814417864487
283000.0,252000.0,403.3,-6213.5390989166135,-1247.3957847055567,166.17859292520893,8500.080761666666,71160.38349681797,-1867203.01731017,-9677.2324215048,-9677.2324215048,-4951.215712753565,0.0,40.0,-4045.842209345983,-4202.281920684311,-4202.281920684311,-2011.257178232302,2011.257178232302
288000.0,270000.0,403.3,-6212.96830549128,-1160.5354805172851,88.12659598267766,8052.70809,66515.57810871245,-1864465.055097545,-7172.09912081044,-7172.09912081044,-4683.269708314647,0.0,86.0,-3244.1675941569824,-3576.2946318113027,-3576.2946318113027,-2636.6736736799776,2636.6736736799776
293000.0,288000.0,403.3,-6053.0807106228,-1083.24145641076,17.97780555378,5704.00156375,62223.9123276475,-1861963.194846085,-3672.56030257239,-3672.56030257239,-3351.1952862468806,0.0,132.0,-2448.3768201637317,-2930.6727202892052,-2930.6727202892052,-3122.407990333595,3122.407990333595
298000.0,288000.0,403.3,-5693.534010884275,-1147.91701244131,1.9319265448473149,4361.88354875,56721.809444009356,-1858623.537089035,-2239.9478758642454,-2239.9478758642454,-2202.855267222945,0.0,132.0,-1811.5806704352601,-2316.4531138076964,-2316.4531138076964,-3377.0808970765784,3377.0808970765784
303000.0,288000.0,403.3,-5461.0636823879195,-1031.1797273061395,6.2025257574426,5704.00156375,53664.15959490965,-1856822.0317825,-2583.58325182889,-2583.58325182889,-1973.1872634181577,0.0,132.0,-1333.7791449715673,-1784.672740056452,-1784.672740056452,-3676.390942331467,3676.390942331467
308000.0,288000.0,403.3,-5226.46347007969,-689.009910485636,1.5005102924902949,5368.47206,49142.47481687945,-1854075.0974193448,-1829.183837792545,-1829.183837792545,-1293.8417025657604,0.0,132.0,-1014.9722437726529,-1386.3685267251483,-1386.3685267251483,-3840.094943354541,3840.094943354541
313000.0,288000.0,403.3,-5010.889636927,-785.322904785243,30.777325460617767,7381.6490825,44715.57663898295,-1851404.14886177,-5528.62377907054,-5528.62377907054,-1391.2280186945118,0.0,132.0,-855.1599668385172,-1147.0589376586233,-1147.0589376586233,-3863.8306992683765,3863.8306992683765
318000.0,288000.0,403.3,-4812.823379109785,-896.1457751208145,1.218298570606755,3019.76553375,40797.6036804518,-1849092.000433255,-1226.16748039157,-1226.16748039157,-1634.6938090163908,0.0,132.0,-854.3423141691603,-1055.3439308828224,-1055.3439308828224,-3757.479448226962,3757.479448226962
323000.0,306000.0,403.3,-4586.603332735075,-920.7257972042876,7.80253643769276,5032.94255625,37295.8845823265,-1847031.97221964,-3766.4758299128803,-3766.4758299128803,-1654.1710722421412,0.0,82.5,-1012.5192857645819,-1076.310877852203,-1076.310877852203,-3510.2924548828723,3510.2924548828723
328000.0,324000.0,403.3,-4174.515436614594,-931.4623717733969,11.925451136014091,4613.5306765625,31753.41423775608,-1843737.8556389124,-5967.101684328782,-5967.101684328782,-1671.2136775646727,0.0,33.0,-1261.2906297804543,-1174.3346473978452,-1174.3346473978452,-3000.180789216749,3000.180789216749
333000.0,324000.0,403.3,-4010.108647067978,-910.8281563807695,10.562737512284485,5200.707308125,30051.530420275354,-1842708.126492575,-5682.144286877723,-5682.144286877723,-1673.6483354678917,0.0,33.0,-1459.5808267878522,-1313.7901083508273,-1313.7901083508273,-2696.3185387171507,2696.3185387171507
338000.0,324000.0,403.3,-3845.7018575213615,-890.1939409881422,9.200023888554878,5787.8839396875,28349.646602794626,-1841678.3973462377,-5397.186889426664,-5397.186889426664,-1676.0829933711104,0.0,33.0,-1603.1148610465043,-1459.0521295422295,-1459.0521295422295,-2386.649727979132,2386.649727979132
343000.0,324000.0,403.3,-2915.15443555506,-757.732243552592,1.0970344734255901,7381.6490825,18800.98609633955,-1835896.693994095,-2734.926147331455,-2734.926147331455,-1670.7930340435869,0.0,33.0,-1691.8927325564111,-1574.4955798031306,-1574.4955798031306,-1340.6588557519294,1340.6588557519294
348000.0,324000.0,403.3,-2592.7058911070853,-692.0162921252925,5.6729126259408345,6710.590075,15875.85798685365,-1834103.89459327,-6594.5571286429695,-6594.5571286429695,-1667.70318715129,0.0,33.0,-1725.9144413175725,-1635.8953699386645,-1635.8953699386645,-956.8105211684208,956.8105211684208
353000.0,324000.0,403.3,-2011.2425823488952,-574.2094020264425,5.65281846246347,7381.6490825,10270.59100730165,-1830807.748548235,-5916.370849369605,-5916.370849369605,-1664.613340258993,0.0,33.0,-1705.179987329988,-1645.253246580043,-1645.253246580043,-365.98933576885224,365.98933576885224
358000.0,324000.0,403.3,-1646.15988941609,-502.85616643317803,1.6316348635324949,6039.5310675,6434.86702790687,-1828614.5377247399,-2082.935180557185,-2082.935180557185,-1636.8047182283203,0.0,33.0,-1629.6893705936584,-1616.4420392507263,-1616.4420392507263,-29.717850165363643,29.717850165363643
363000.0,342000.0,403.3,-1360.924454488505,-491.5020443705065,1.85198752526806,3355.2950375,2229.1433323794117,-1826075.04900633,-2517.772949096795,-2517.772949096795,-1584.2773210592723,0.0,70.0,-1515.7280866361239,-1564.5409104762155,-1564.5409104762155,203.61645598771042,203.61645598771042
368000.0,360000.0,403.3,-1133.28018047887,-488.6910642858005,10.114210887438265,8388.23759375,-2106.26628805336,-1823460.6253247098,-4753.495483198975,-4753.495483198975,-1547.199158351709,0.0,107.0,-1430.2476170706054,-1504.6290227820093,-1504.6290227820093,371.34884230313924,371.34884230313924
373000.0,360000.0,403.3,-1017.9073738284765,-480.27193467748805,5.59096526989885,7046.11957875,-5992.2905163612795,-1821070.14009394,-3435.895019377465,-3435.895019377465,-1500.8514549672548,0.0,107.0,-1380.4859599093434,-1451.7855386936096,-1451.7855386936096,433.87816486513316,433.87816486513316
378000.0,360000.0,403.3,-948.3887796006111,-500.6179741420185,4.81373269187747,7717.17858625,-10662.5231102329,-1818263.26664612,-3127.23046860692,-3127.23046860692,-1366.4431151523377,0.0,107.0,-1366.4431151523377,-1421.089620736516,-1421.089620736516,472.70084113590497,472.70084113590497
383000.0,360000.0,403.3,-947.222869700771,-511.376725703817,2.203921992601355,5032.94255625,-14441.8370464342,-1815962.36269366,-2312.7010496898447,-2312.7010496898447,-1488.075081672467,0.0,107.0,-1388.1190827995888,-1424.9061821816385,-1424.9061821816385,477.6833124808676,477.6833124808676
388000.0,372000.0,403.3,-966.309703912294,-515.7991252593173,3.101061425025433,2013.1770225,-21434.7398662214,-1811793.7903130634,-2617.5974933641696,-2617.5974933641696,-1719.986697837513,0.0,89.33333333333333,-1445.5138628510963,-1464.2018792197734,-1464.2018792197734,497.8921753074794,497.8921753074794
393000.0,384000.0,403.3,-987.1417012746019,-526.5867296062047,2.8561084622370667,2013.1770225,-23936.975693245502,-1810301.1839522566,-3036.57975246423,-3036.57975246423,-1723.2302169447166,0.0,71.66666666666666,-1538.6274553068604,-1536.520024535667,-1536.520024535667,549.3783232610651,549.3783232610651
398000.0,396000.0,403.3,-1012.574392246775,-544.6360629854745,3.2389607036705597,4026.354045,-27146.17688334095,-1808384.126364765,-3382.151855316835,-3382.151855316835,-1731.3390147127252,0.0,54.0,-1666.021799299415,-1638.8646579887647,-1638.8646579887647,626.2902657419897,626.2902657419897
403000.0,396000.0,403.3,-1039.729127602415,-526.5584299341356,1.310718626655905,7046.11957875,-32160.69749159265,-1805326.2972735548,-3122.1528318883447,-3122.1528318883447,-2120.561307577139,0.0,54.0,-1814.3948318047028,-1768.239819438514,-1768.239819438514,728.5106918360989,728.5106918360989
408000.0,396000.0,403.3,-1043.635499261115,-504.952400572315,10.008904245034284,8388.23759375,-36455.741102048196,-1802775.11615119,-10624.2041011595,-10624.2041011595,-2188.675208828411,0.0,54.0,-1980.5109158709256,-1921.6495487443601,-1921.6495487443601,878.0140494832451,878.0140494832451
413000.0,396000.0,403.3,-1040.5267454676077,-539.7386915507254,5.667735981719105,9227.061353125,-40419.1237558389,-1800387.6514726374,-8074.379882497918,-8074.379882497918,-2198.405766150021,0.0,54.0,-2164.370051498083,-2096.0978857657506,-2096.0978857657506,1055.5711402981428,1055.5711402981428
418000.0,396000.0,403.3,-1038.2281051247867,-590.1351429992313,3.1012317097854964,8947.453433333334,-46037.732240359066,-1796996.8602260668,-5688.88346330978,-5688.88346330978,-2265.988897591855,0.0,54.0,-2365.972238686175,-2288.8285471733757,-2288.8285471733757,1250.600442048589,1250.600442048589
423000.0,396000.0,403.3,-1037.3086489876584,-610.2937235786336,2.074630001012053,8835.610265416666,-48285.17563416713,-1795640.5437274384,-4734.684895634525,-4734.684895634525,-2328.7067503728836,0.0,54.0,-2585.317477435203,-2499.1130203342723,-2499.1130203342723,1461.8043713466138,1461.8043713466138
428000.0,405000.0,403.3,-1060.3392744955177,-688.2259856621463,1.2371755382446625,7381.6490825,-54064.0736277805,-1792163.873374625,-4006.64892560768,-4006.64892560768,-3002.9236677689423,0.0,49.75,-2822.405767745165,-2720.5171517878894,-2720.5171517878894,1660.1778772923717,1660.1778772923717
433000.0,414000.0,403.3,-1082.983030351455,-749.1073811927486,1.168999166303795,8052.70809,-57424.983580609696,-1790143.61740109,-3928.73095686038,-3928.73095686038,-3049.9620573547136,0.0,45.5,-3076.1016707700833,-2943.5789511510643,-2943.5789511510643,1860.5959207996093,1860.5959207996093
438000.0,423000.0,403.3,-1105.6267862073923,-809.9887767233507,1.1008227943629274,8723.7670975,-60785.8935334389,-1788123.3614275549,-3850.81298811308,-3850.81298811308,-3097.000446940485,0.0,41.25,-3308.935704592629,-3158.8364280406327,-3158.8364280406327,2053.2096418332403,2053.2096418332403
443000.0,432000.0,403.3,-1133.061953009245,-873.414621301765,1.3832115268800251,7046.11957875,-67257.4701222955,-1784230.561512155,-4299.873779113141,-4299.873779113141,-3238.1156156977995,0.0,37.0,-3502.74084767713,-3356.827592073432,-3356.827592073432,2223.765639064187,2223.765639064187
448000.0,432000.0,403.3,-1137.04090556095,-866.1153720052755,1.172929760532685,3523.059789375,-71232.9605263428,-1781850.6077797548,-4082.6848142769177,-4082.6848142769177,-3614.422732383972,0.0,37.0,-3657.517100023585,-3528.0904528662977,-3528.0904528662977,2391.049547305348,2391.049547305348
453000.0,432000.0,403.3,-1128.976601448715,-834.366968010635,1.29078650835344,5368.47206,-74572.07920390744,-1779763.7640655949,-4007.209228342035,-4007.209228342035,-3725.210187441501,0.0,37.0,-3773.2644616319963,-3663.3522598437303,-3663.3522598437303,2534.3756583950153,2534.3756583950153
458000.0,432000.0,403.3,-1132.69880786342,-861.943575205445,2.37455568661212,5368.47206,-77837.98998658705,-1777774.4444566648,-5618.14331031744,-5618.14331031744,-3770.784758039647,0.0,37.0,-3849.982932502361,-3759.585176083118,-3759.585176083118,2626.886368219698,2626.886368219698
463000.0,432000.0,403.3,-1154.0669131467848,-920.577380201844,1.57543277796865,5032.94255625,-84585.58496074025,-1773852.8812328,-4717.2021482393,-4717.2021482393,-3789.014586278905,0.0,37.0,-3887.6725126346805,-3820.7128201936666,-3820.7128201936666,2666.645907046882,2666.645907046882
468000.0,450000.0,403.3,-1148.71367213279,-927.4121407704445,9.678047448025676,8723.7670975,-87756.7949182999,-1771904.484660825,-8740.10351528735,-8740.10351528735,-3810.282719224706,0.0,50.0,-3886.3332020289554,-3854.582429393789,-3854.582429393789,2705.868757260999,2705.868757260999
473000.0,468000.0,403.3,-1202.66534230609,-1151.23672541228,3.8021590709343402,4361.88354875,-93153.1966921465,-1768703.33366892,-6495.04540989641,-6495.04540989641,-3840.6657662901366,0.0,63.0,-3869.5067123404224,-3869.0412409018973,-3869.0412409018973,2666.3758985958075,2666.3758985958075
478000.0,468000.0,403.3,-1278.6616498211101,-1224.773287502295,15.8927046213586,9394.826105,-96378.47860806444,-1766704.342209985,-10300.3950191395,-10300.3950191395,-3852.818985116309,0.0,63.0,-3860.734755224319,-3871.9364919364048,-3871.9364919364048,2593.2748421152946,2593.2748421152946
483000.0,468000.0,403.3,-1390.4451116727175,-1177.6230246670175,1.329006261085985,4865.177804375,-100438.66057885793,-1764327.2235436323,-4085.6904295111926,-4085.6904295111926,-3861.933899235938,0.0,63.0,-3860.0173306806464,-3871.115419715723,-3871.115419715723,2480.670308043005,2480.670308043005
488000.0,468000.0,403.3,-1526.1005605354926,-1176.6604511554124,1.3990030351635552,5200.707308125,-103609.96197982196,-1762410.0630141376,-4121.7802732599375,-4121.7802732599375,-3867.4699516046385,0.0,63.0,-3867.354438709404,-3874.4252614582656,-3874.4252614582656,2348.324700922773,2348.324700922773
493000.0,468000.0,403.3,-1879.62613586996,-1406.294056007535,3.497438612593685,6710.590075,-110215.011371128,-1758400.643068025,-5510.231933368055,-5510.231933368055,-4052.247352314377,0.0,63.0,-3882.7460793105924,-3885.7896357732384,-3885.7896357732384,2006.1634999032783,2006.1634999032783
498000.0,468000.0,403.3,-2154.722075568265,-1580.048934610525,3.7835473461544646,3355.2950375,-113632.242715278,-1756293.8458838,-5950.767089602785,-5950.767089602785,-4060.2811523452356,0.0,63.0,-3906.1922524842103,-3907.570125184037,-3907.570125184037,1752.8480496157717,1752.8480496157717
503000.0,468000.0,403.3,-2462.60809494262,-1758.704734657435,11.256820753567471,5368.47206,-117372.802649511,-1754121.779730225,-8584.194579745845,-8584.194579745845,-4220.9571529624,0.0,63.0,-3937.692958230258,-3946.9990761685626,-3946.9990761685626,1484.3909812259426,1484.3909812259426
508000.0,504000.0,403.3,-2863.7350464342053,-1942.004964836935,6.846252337045955,8723.7670975,-122059.1102928275,-1751303.81061532,-6551.144286847595,-6551.144286847595,-4341.464153425273,0.0,40.0,-3991.417691689112,-4011.456434112428,-4011.456434112428,1147.7213876782225,1147.7213876782225
513000.0,504000.0,403.3,-3415.05149189193,-2115.252566891533,16.633844820147335,6039.5310675,-127492.037128307,-1748006.66918418,-10109.773762635667,-10109.773762635667,-4380.294186907755,0.0,40.0,-4096.5910365878,-4108.322144401244,-4108.322144401244,693.2706525093145,693.2706525093145
518000.0,504000.0,403.3,-3666.2072319629,-2156.6994072143366,20.195341088863668,6710.590075,-130014.89664937601,-1746490.8927430601,-10804.383463132433,-10804.383463132433,-4382.972120251374,0.0,40.0,-4254.098586372594,-4244.976152420627,-4244.976152420627,578.7689204577268,578.7689204577268
523000.0,504000.0,403.3,-4305.137506161914,-2273.1405274109934,22.545535942568627,6934.276410833333,-136515.56104487265,-1742580.7537923267,-10645.51790324211,-10645.51790324211,-4461.911908003099,0.0,40.0,-4463.940341043495,-4428.798403556187,-4428.798403556187,123.66089739427298,123.66089739427298
528000.0,504000.0,403.3,-4526.225364871997,-2323.0453162183767,14.813832315952654,7829.021754166667,-138839.34134147834,-1741189.6356863934,-8794.334635077119,-8794.334635077119,-4472.9435715742675,0.0,40.0,-4726.116300600504,-4664.807260670142,-4664.807260670142,138.58189579814461,138.58189579814461
533000.0,516000.0,403.3,-5070.200304112307,-2413.56533140064,17.961189722856986,6934.276410833333,-144851.75623457934,-1737527.2682032466,-8471.41959602582,-8471.41959602582,-4958.336768705663,0.0,48.0,-5040.626465043617,-4948.698421404885,-4948.698421404885,-121.50188270742183,121.50188270742183
538000.0,528000.0,403.3,-5309.544890245923,-2438.10643162339,30.707935502857744,7829.021754166667,-147655.10293536866,-1735807.3331647934,-10569.55550090101,-10569.55550090101,-4969.368432276832,0.0,56.0,-5407.470834372838,-5257.717723737683,-5257.717723737683,-51.827166508240225,51.827166508240225
543000.0,540000.0,403.3,-5642.153050808215,-2489.221607768375,43.65054571022225,7381.6490825,-151699.730956894,-1733335.51166196,-12954.2211909225,-12954.2211909225,-5030.0425819182565,0.0,64.0,-5799.938000996261,-5567.132382861216,-5567.132382861216,-75.02066794699931,75.02066794699931
548000.0,540000.0,403.3,-5961.629907221655,-2632.419503027845,11.823594226897221,6710.590075,-156088.58054191648,-1730727.372870645,-8261.4467770227,-8261.4467770227,-5195.517535485778,0.0,64.0,-6108.214400369383,-5852.209613968164,-5852.209613968164,-109.42029325349085,109.42029325349085
553000.0,540000.0,403.3,-6331.860857148535,-2703.278588363975,65.22365829591395,7717.17858625,-160680.52230418648,-1727975.906628245,-13583.05175730695,-13583.05175730695,-5725.037386901848,0.0,64.0,-6320.428295784694,-6088.2166322512085,-6088.2166322512085,-243.64422489732624,243.64422489732624
558000.0,540000.0,403.3,-6585.393431565055,-2735.5829885703997,16.358682625161798,7381.6490825,-164574.85340436752,-1725548.51724076,-8741.36865200604,-8741.36865200604,-6436.5796872421915,0.0,64.0,-6436.579687242192,-6250.420652903027,-6250.420652903027,-334.97277866202785,334.97277866202785
563000.0,540000.0,403.3,-6832.74671742772,-2749.15193457702,88.8764441745633,7381.6490825,-169147.027831867,-1722859.14631448,-13377.3115229391,-13377.3115229391,-6366.601847075347,0.0,64.0,-6456.668574741879,-6318.540792381617,-6318.540792381617,-514.2059250461025,514.2059250461025
568000.0,540000.0,403.3,-6900.02773430151,-2758.55212885235,23.84480117131946,6039.5310675,-172611.445177086,-1720710.274006595,-7159.702880576475,-7159.702880576475,-6261.635086825079,0.0,64.0,-6380.694958283751,-6292.676182021113,-6292.676182021113,-607.3515522803964,607.3515522803964
573000.0,540000.0,403.3,-6991.694778089785,-2659.520802164655,11.43824405950876,4026.354045,-177374.661230377,-1717839.1341334102,-4209.43115216315,-4209.43115216315,-6251.63825251553,0.0,64.0,-6208.6588378678125,-6194.123801538332,-6194.123801538332,-797.570976551453,797.570976551453
578000.0,576000.0,403.3,-7006.595954530016,-2505.1235176605096,106.1662858147302,9059.29660125,-182420.8316778345,-1714781.8331064652,-9083.587401994184,-9083.587401994184,-6061.698400634095,0.0,119.0,-5953.0267382063475,-6048.85557741721,-6048.85557741721,-957.7403771128056,957.7403771128056
583000.0,576000.0,403.3,-6929.27644796794,-2479.5665462477,132.93817814282744,6375.06057125,-185825.13658614003,-1712734.899737595,-9620.037353147454,-9620.037353147454,-6041.704732014996,0.0,119.0,-5729.114012888014,-5882.843436141677,-5882.843436141677,-1046.4330118262633,1046.4330118262633
588000.0,576000.0,403.3,-6803.330877139225,-2549.36652009315,27.64768432701065,8723.7670975,-190384.5255247085,-1709955.02977695,-6829.65649386919,-6829.65649386919,-5761.793371347618,0.0,119.0,-5564.9703425154585,-5722.0593041956645,-5722.0593041956645,-1081.2715729435604,1081.2715729435604
593000.0,576000.0,403.3,-6661.2942474902475,-2621.8551974960574,14.523611779710425,6878.354826875,-195135.5516748535,-1707091.6418726624,-6059.2614743646445,-6059.2614743646445,-5451.89150775159,0.0,119.0,-5460.595727088678,-5592.475108063104,-5592.475108063104,-1068.8191394271435,1068.8191394271435
598000.0,576000.0,403.3,-6545.336437892355,-2609.3364593688702,4.3877955763914445,7717.17858625,-199412.882438573,-1704497.731632335,-6370.98413060384,-6370.98413060384,-5474.795595767775,0.0,119.0,-5415.990166607677,-5517.985020109213,-5517.985020109213,-1027.351417783142,1027.351417783142
603000.0,576000.0,403.3,-6357.8509045112,-2554.3558912250646,13.46171788858885,8723.7670975,-203525.978665461,-1702035.12256194,-8611.680175448035,-8611.680175448035,-5598.806729860925,0.0,119.0,-5431.1536610724515,-5502.941090804549,-5502.941090804549,-854.9098137066503,854.9098137066503
608000.0,576000.0,403.3,-6174.671085716815,-2661.94763061637,6.41373129364483,7046.11957875,-207529.81390799652,-1699677.605733645,-6732.0849606694455,-6732.0849606694455,-5654.611740202842,0.0,119.0,-5506.086210483003,-5536.364846066389,-5536.364846066389,-638.3062396504256,638.3062396504256
613000.0,612000.0,403.3,-5956.6519113481645,-2742.60121174061,21.88287105099155,7046.11957875,-211705.10640526802,-1697000.481187565,-9107.17382777459,-9107.17382777459,-5722.817863954075,0.0,59.0,-5638.8504370600285,-5602.1114710672,-5602.1114710672,-354.5404402809645,354.5404402809645
618000.0,612000.0,403.3,-5595.846097298345,-2801.29858326153,78.44153514957095,4361.88354875,-217404.8944289445,-1693682.22346103,-10960.104003491644,-10960.104003491644,-5884.0323382751685,0.0,59.0,-5765.512874086497,-5684.036150979448,-5684.036150979448,88.19005368110356,88.19005368110356
623000.0,612000.0,403.3,-5404.198050255751,-2812.970687651155,2.7286757039102554,6039.5310675,-220506.2760086295,-1691744.57588686,-6886.89257785158,-6886.89257785158,-5896.433451684485,0.0,59.0,-5855.075477093543,-5765.994070975604,-5765.994070975604,361.796020719853,361.796020719853
628000.0,612000.0,403.3,-5262.220906842194,-2814.135887081732,8.713408688917212,6710.590075,-223276.567563864,-1689986.5162891175,-8819.13940395647,-8819.13940395647,-5915.035121798457,0.0,59.0,-5907.538246081171,-5831.84041622813,-5831.84041622813,569.619509385936,569.619509385936
633000.0,612000.0,403.3,-4962.27002230608,-2839.71230985937,15.684065840777249,6039.5310675,-230330.23024754948,-1685784.6815480199,-10751.073241780101,-10751.073241780101,-5869.236088298005,0.0,59.0,-5922.901181049379,-5865.753268206048,-5865.753268206048,903.4832458999681,903.4832458999681
638000.0,612000.0,403.3,-5032.507481241924,-2872.0298402818653,7.033283180060399,4697.4130525,-234459.814046276,-1683250.7049860298,-7908.085937191165,-7908.085937191165,-5855.264856340068,0.0,59.0,-5901.164281998166,-5862.566286164544,-5862.566286164544,830.0588049226199,830.0588049226199
643000.0,612000.0,403.3,-5130.3699689011,-2898.34614007179,3.919566293205385,5032.94255625,-237554.703088948,-1681351.34753418,-6171.9797360794855,-6171.9797360794855,-5841.2936243821305,0.0,59.0,-5842.327548927533,-5822.279470103623,-5822.279470103623,691.9095012025227,691.9095012025227
648000.0,624000.0,403.3,-5487.13778230914,-2914.9977597153566,13.443699247484526,6039.5310675,-242119.59399966834,-1678591.2803728234,-6315.86393203804,-6315.86393203804,-5606.111219756855,0.0,58.666666666666664,-5746.39098183748,-5744.89282002328,-5744.89282002328,257.7550377141406,257.7550377141406
653000.0,636000.0,403.3,-5730.71130118951,-2918.1946583305735,24.871446533248662,7381.6490825,-244439.53930069366,-1677166.2853450968,-7628.576008815449,-7628.576008815449,-5601.454142437542,0.0,58.333333333333336,-5613.354580728007,-5630.406335923516,-5630.406335923516,-100.30496526599381,100.30496526599381
18000.0,0.0,403.3,-2565.89872000321,-502.898384493128,3.73893273901788,8723.7670975,294020.977892073,-1999568.55046914,-4617.87451152399,-4617.87451152399,-3492.80920394581,1.0,7.0,,,,,
54000.0,36000.0,403.3,-3212.04725889255,-1612.39126744445,16.4524176440979,9394.826105,266230.99343355396,-1983162.41861141,-5160.622070098925,-5160.622070098925,-3003.485009626834,1.0,46.0,,,,,
90000.0,72000.0,403.3,-4372.2805953333545,-1744.37172281953,98.6355047220315,8388.23759375,237370.975226615,-1966052.61774801,-15735.14697207605,-15735.14697207605,-3232.6996092282584,1.0,73.0,,,,,
126000.0,108000.0,403.3,-5094.0581537341095,-984.68435534593,7.8237567714409,4697.4130525,204609.0778031885,-1946659.96918382,-5167.4658200986905,-5167.4658200986905,-4013.324658029328,1.0,80.0,,,,,
162000.0,144000.0,403.3,-5700.770877556321,-603.1673264531605,91.3226961121144,7046.11957875,174603.53439221001,-1928946.671133775,-13172.959960446151,-13172.959960446151,-6280.280834708547,1.0,33.0,,,,,
198000.0,180000.0,403.3,-2882.54229821211,-701.2938431763,16.450140522379748,9059.29660125,143861.02455389948,-1910551.230838245,-11544.403319877601,-11544.403319877601,-4814.582714642168,1.0,14.0,,,,,
234000.0,216000.0,403.3,-2525.750912434605,-1452.596254705125,1.442433451617155,6039.5310675,113519.73707036,-1892505.64686033,-5337.809814233405,-5337.809814233405,-5148.568847443093,1.0,9.0,,,,,
270000.0,252000.0,403.3,-5527.70195476332,-1403.855933055745,30.667900523737984,7717.17858625,83876.7871624871,-1874775.8677694001,-7225.008788777355,-7225.008788777355,-5441.174120870444,1.0,40.0,,,,,
306000.0,288000.0,403.3,-5314.086120844855,-857.62654766229,10.033170073027705,8388.23759375,51077.607308455204,-1855302.73039934,-3271.5159910628554,-3271.5159910628554,-1123.415649340445,1.0,132.0,,,,,
342000.0,324000.0,403.3,-3681.2950679747455,-869.559725595515,7.83731026482527,6375.06057125,26647.762785313902,-1840648.6681999,-5112.229491975605,-5112.229491975605,-1678.5176512743292,1.0,33.0,,,,,
378000.0,360000.0,403.3,-948.3887796006111,-500.6179741420185,4.81373269187747,7717.17858625,-10662.5231102329,-1818263.26664612,-3127.23046860692,-3127.23046860692,-1366.4431151523377,1.0,107.0,,,,,
414000.0,396000.0,403.3,-1039.1475612619151,-569.976562419829,4.127833418558939,9059.29660125,-43790.288846551,-1798353.1767246951,-6643.082030985035,-6643.082030985035,-2203.2710448108264,1.0,54.0,,,,,
450000.0,432000.0,403.3,-1136.0717203963,-858.559850458807,1.12830276280781,3690.82454125,-71885.36859344601,-1781466.5314000999,-3902.889159986275,-3902.889159986275,-3708.499511555515,1.0,37.0,,,,,
486000.0,468000.0,403.3,-1458.272836104105,-1177.141737911215,1.36400464812477,5032.94255625,-102024.31127933995,-1763368.643278885,-4103.735351385565,-4103.735351385565,-3863.4530515892093,1.0,63.0,,,,,
522000.0,504000.0,403.3,-4042.502701522585,-2218.0838431257553,23.0448198477125,5368.47206,-133774.9969042795,-1744227.41919887,-11211.176269107898,-11211.176269107898,-4417.785253718426,1.0,40.0,,,,,
558000.0,540000.0,403.3,-6585.393431565055,-2735.5829885703997,16.358682625161798,7381.6490825,-164574.85340436752,-1725548.51724076,-8741.36865200604,-8741.36865200604,-6436.5796872421915,1.0,64.0,,,,,
594000.0,576000.0,403.3,-6639.027891045225,-2621.9066640791452,10.486648126767749,7717.17858625,-195951.323406821,-1706613.8108509248,-5535.43701149218,-5535.43701149218,-5446.893090596816,1.0,119.0,,,,,
630000.0,612000.0,403.3,-5193.33979711311,-2818.013427785235,14.146272736261373,7381.6490825,-224607.21283431002,-1689195.259336905,-9987.404784775346,-9987.404784775346,-5918.135400150785,1.0,59.0,,,,,
666000.0,648000.0,403.3,-7797.25148564563,-2961.1450437242947,4.48138471721744,4026.354045,-257605.9767519095,-1669255.23395171,-4830.479736125995,-4830.479736125995,-5093.83271463249,1.0,58.0,,,,,
