Distance,Distance_rs,Distance_36k,Line,bedmap2_bed,Susc,Window_Width,x,y,Depth,Depth_filtered,Depth_36k,binned,counts,rs_basement,rs_basement_filt,filt_clip,filt_clip_oib,misfit,abs_misfit
14216.534977883044,33000.0,0.0,590.0,-730.08557839265,23.3303923198404,22500.9828414,322856.10274813196,-1030367.0448618,-10960.62304646035,-10960.62304646035,-2152.8698225835656,1.0,78.0,-1955.9247561514564,-2011.4085082146387,-2011.4085082146387,,,
18000.0,,,,,,,,,,,,,,,,,,,
18601.887037774304,38000.0,36000.0,590.0,-770.5877032862604,21.181561954534125,19076.9202351,318189.904393282,-1030361.399847865,-10028.09423789894,-10028.09423789894,-2226.5159865214428,1.0,165.0,-1997.5864222029027,-2032.2571056054746,-2032.2571056054746,,,
23561.639049962472,43000.0,36000.0,590.0,-844.0028659477271,69.50169458066675,25435.8936468,313045.7517808055,-1030355.83469674,-14687.47949164365,-14687.47949164365,-2285.432917671745,1.0,165.0,-2080.8742255755697,-2094.7318403175314,-2094.7318403175314,,,
28712.69786341556,48000.0,36000.0,590.0,-923.0408697959615,29.87103628127335,19566.072036,307772.8420282135,-1030351.4731648599,-11503.9047847228,-11503.9047847228,-2332.5664625919867,1.0,165.0,-2205.7881662694585,-2198.8327123508093,-2198.8327123508093,,,
33000.0,,,,,,,,,,,,,,,,,-3344.097243072305,,
33506.11961707993,53000.0,36000.0,590.0,-977.7162262266429,27.280388163909898,20544.3756378,302900.4986160925,-1030347.70135815,-11291.315429261402,-11291.315429261402,-2409.158473087379,1.0,165.0,-2372.3282442845684,-2344.5597217053087,-2344.5597217053087,-3347.0899435948313,-1002.5302218895226,1002.5302218895226
38000.0,,,,,,,,,,,,,,,,,-3350.082644117357,,
38075.64108352615,58000.0,36000.0,590.0,-1006.635101931615,3.8593429214113497,8315.5806153,298274.31003113254,-1030346.02459211,-3519.6217039448798,-3519.6217039448798,-2447.8087059351606,1.0,165.0,-2580.4944596208998,-2531.9128683810286,-2531.9128683810286,-3353.597377220603,-821.6845088395744,821.6845088395744
43000.0,,,,,,,,,,,,,,,,,-3357.112110323849,,
43350.03662660686,63000.0,36000.0,590.0,-1017.29098670914,4.142869202476935,20055.2238369,292949.47832904395,-1030344.827942995,-4934.039794716155,-4934.039794716155,-2998.032887556711,1.0,165.0,-2830.2868122784516,-2760.5686090164877,-2760.5686090164877,-3361.1488760078137,-600.580266991326,600.580266991326
48000.0,,,,,,,,,,,,,,,,,-3365.1856416917785,,
50641.437841345396,68000.0,48000.0,590.0,-990.0647551762767,7.182028457734201,11902.6938219,285606.055518164,-1030341.2401800433,-6591.146809632661,-6591.146809632661,-3813.45521077063,1.0,126.66666666666666,-3121.7053022572254,-3019.526469321269,-3019.526469321269,-3369.744439956464,-350.2179706351949,350.2179706351949
53000.0,,,,,,,,,,,,,,,,,-3374.303238221149,,
53013.165751413115,73000.0,60000.0,590.0,-977.5137064707334,13.064973168273651,14511.503426700001,283220.498675395,-1030340.2638037767,-9839.33854129088,-9839.33854129088,-3818.4121853798333,1.0,88.33333333333333,-3452.808669388324,-3292.6092812212314,-3292.6092812212314,-3376.843653643851,-84.2343724226198,84.2343724226198
54000.0,,,,,,,,,,,,,,,,,-3379.384069066554,,
56828.49171508614,78000.0,72000.0,590.0,-957.8730013436495,11.142446856038585,16631.161230600002,279385.3919919905,-1030338.44479311,-9734.508056268474,-9734.508056268474,-3830.804621902841,1.0,50.0,-3759.535328098145,-3563.639876642233,-3563.639876642233,-3381.924484489256,181.71539215297707,181.71539215297707
58000.0,,,,,,,,,,,,,,,,,-3384.464899911958,,
63000.0,,,,,,,,,,,,,,,,,-3395.670626764207,,
63124.41693579641,83000.0,72000.0,590.0,-933.4642120605006,9.73550385462557,21522.679239600002,273061.831909073,-1030338.32014974,-11073.4399409877,-11073.4399409877,-4098.481250799812,1.0,50.0,-4010.8251156843407,-3816.4410875101325,-3816.4410875101325,-3399.7538907687695,416.6871967413631,416.6871967413631
67770.6911649622,88000.0,72000.0,590.0,-924.5593258576655,7.20998799975062,22011.8310405,268398.3055156585,-1030340.27363239,-10201.986816017914,-10201.986816017914,-4247.190489075907,1.0,50.0,-4206.67803214691,-4034.8357457507896,-4034.8357457507896,-3403.8371547733323,630.9985909774573,630.9985909774573
68000.0,,,,,,,,,,,,,,,,,-3407.9204187778946,,
73000.0,,,,,,,,,,,,,,,,,-3421.214275953022,,
74463.5106858307,93000.0,72000.0,590.0,-916.9040498971797,3.6696198882054665,20055.2238369,261684.59338309435,-1030341.00775382,-7880.319172869247,-7880.319172869247,-4243.305106878413,1.0,50.0,-4347.094077485851,-4202.970226651544,-4202.970226651544,-3425.9935833985446,776.9766432529996,776.9766432529996
76656.17778054714,98000.0,72000.0,590.0,-913.7366589178224,2.4816505278031733,22990.1346423,259485.90393181768,-1030340.8979991,-6179.118814855294,-6179.118814855294,-4240.685930084523,1.0,50.0,-4432.073251701166,-4315.667836428673,-4315.667836428673,-3430.7728908440668,884.8949455846059,884.8949455846059
78000.0,,,,,,,,,,,,,,,,,-3435.5521982895893,,
82932.01085534676,103000.0,72000.0,590.0,-901.5398736199329,2.95630091014878,22500.9828414,253194.62118324748,-1030340.27470802,-5764.074218515505,-5764.074218515505,-4202.707866573108,1.0,50.0,-4461.615554792854,-4372.928575082174,-4372.928575082174,-3443.4097088773688,929.5188662048049,929.5188662048049
83000.0,,,,,,,,,,,,,,,,,-3451.267219465148,,
88000.0,,,,,,,,,,,,,,,,,-3470.0615116094123,,
88001.20064171025,108000.0,90000.0,590.0,-884.5781424287425,5.843908704596475,14185.4022261,248114.4371834225,-1030341.798115265,-5278.195068141726,-5278.195068141726,-4116.275032374715,1.0,42.5,-4435.720986760914,-4374.752442612048,-4374.752442612048,-3481.923386714654,892.829055897394,892.829055897394
93000.0,,,,,,,,,,,,,,,,,-3493.785261819896,,
93023.71554359552,113000.0,108000.0,590.0,-861.59602130413,4.824194268971825,20544.3756378,243082.29750816902,-1030341.92813512,-7500.6787106428,-7500.6787106428,-3998.4120766496335,1.0,35.0,-4354.389547605348,-4321.139439018295,-4321.139439018295,-3509.036959507005,812.1024795112899,812.1024795112899
98000.0,,,,,,,,,,,,,,,,,-3524.2886571941144,,
99615.8576228154,118000.0,108000.0,590.0,-830.26114519666,3.136260363851715,8315.5806153,236479.0244588845,-1030341.6524495699,-4889.72192362394,-4889.72192362394,-3935.551833596257,1.0,35.0,-4217.621237326155,-4213.364060914072,-4213.364060914072,-3537.3330664059367,676.0309945081353,676.0309945081353
102651.3033807806,123000.0,108000.0,590.0,-817.0368444221456,3.31365768639348,6848.1252126,233438.9544791765,-1030341.170554565,-4881.3229978429845,-4881.3229978429845,-3927.6943032145846,1.0,35.0,-4025.4160559233346,-4064.4898985842315,-4064.4898985842315,-3550.3774756177595,514.112422966472,514.112422966472
103000.0,,,,,,,,,,,,,,,,,-3563.421884829582,,
108000.0,,,,,,,,,,,,,,,,,-3613.035131823812,,
108449.9407236066,128000.0,108000.0,590.0,-796.8215437917715,3.854166450211953,16631.161230600002,227632.2702313425,-1030338.9777602451,-8234.225097336157,-8234.225097336157,-3903.927649294318,1.0,35.0,-3785.4209830758264,-3890.4481596932287,-3890.4481596932287,-3643.8403417102904,246.6078179829383,246.6078179829383
113000.0,,,,,,,,,,,,,,,,,-3674.6455515967687,,
113254.16944041035,133000.0,108000.0,590.0,-781.7829964553235,1.93664030681157,23479.2864432,222822.098590737,-1030335.16756045,-6377.029540759881,-6377.029540759881,-3808.0847825122546,1.0,35.0,-3568.3705808138106,-3707.1700519055194,-3707.1700519055194,-3699.230754103263,7.939297802256533,7.939297802256533
117915.24191109944,138000.0,108000.0,590.0,-769.0907204893585,3.5312611690632503,24946.7418459,218155.73355144152,-1030331.271015285,-8278.86450163147,-8278.86450163147,-3760.1633491212233,1.0,35.0,-3391.470553414899,-3530.5867828855585,-3530.5867828855585,-3723.815956609757,-193.22917372419852,193.22917372419852
118000.0,,,,,,,,,,,,,,,,,-3748.401159116251,,
120814.64728057197,143000.0,108000.0,590.0,-761.476537477118,2.32506188440279,17120.313031499998,215253.290956485,-1030327.801231705,-5514.80859352415,-5514.80859352415,-3736.2026324257076,1.0,35.0,-3254.720900879092,-3376.629560297801,-3376.629560297801,-3791.351556749256,-414.72199645145474,414.72199645145474
123000.0,,,,,,,,,,,,,,,,,-3834.3019543822606,,
126000.0,,,,,,,,,,,,,,,,,-3866.9839487197723,,
126297.12161727247,148000.0,144000.0,590.0,-746.6068645220855,15.341788141052273,22990.1346423,209765.295534994,-1030324.83867595,-10701.4506831881,-10701.4506831881,-3664.3204823391598,1.0,45.0,-3158.121623206389,-3259.9550951935457,-3259.9550951935457,-3899.6659430572845,-639.7108478637388,639.7108478637388
128000.0,,,,,,,,,,,,,,,,,-3932.347937394796,,
132931.09521590936,153000.0,144000.0,590.0,-727.019976310126,15.01755523491396,18098.6166333,203124.8179558795,-1030331.51514002,-10504.749023038645,-10504.749023038645,-3233.0275818198734,1.0,45.0,-3101.6727203967907,-3183.4310049523956,-3183.4310049523956,-3987.443522774327,-804.0125178219314,804.0125178219314
133000.0,,,,,,,,,,,,,,,,,-4042.539108153858,,
138000.0,,,,,,,,,,,,,,,,,-4164.875466659446,,
138205.857176026,158000.0,144000.0,590.0,-709.6307746748535,3.0869795346396804,19566.072035999998,197845.2774955095,-1030338.1444111001,-6093.186034910345,-6093.186034910345,-3137.18471503781,1.0,45.0,-3085.3741924502965,-3147.0572895743494,-3147.0572895743494,-4209.702648743484,-1062.6453591691347,1062.6453591691347
142861.17892573975,163000.0,144000.0,590.0,-693.9231902949984,11.12295119119358,21033.527438700003,193186.1694877425,-1030340.488638615,-9624.56616174106,-9624.56616174106,-3117.6136867313153,1.0,45.0,-3109.2260393669076,-3150.8339490594076,-3150.8339490594076,-4254.529830827523,-1103.6958817681157,1103.6958817681157
143000.0,,,,,,,,,,,,,,,,,-4299.3570129115615,,
148000.0,,,,,,,,,,,,,,,,,-4445.983746910203,,
148294.24006760016,168000.0,144000.0,590.0,-675.800423072379,1.8910784509807999,18098.6166333,187749.068431738,-1030341.1595902899,-4590.666015431185,-4590.666015431185,-3176.5458549837194,1.0,45.0,-3173.2282611466208,-3194.76098340757,-3194.76098340757,-4525.267330848089,-1330.5063474405188,1330.5063474405188
153000.0,,,,,,,,,,,,,,,,,-4604.550914785975,,
153010.36523002762,173000.0,144000.0,590.0,-660.1230630176256,5.5938274042058005,15163.705827900001,183029.7179438665,-1030340.411973815,-6346.866943104675,-6346.866943104675,-3189.6418923731426,1.0,45.0,-3277.3808577894406,-3275.673383051,-3275.673383051,-4686.323899882693,-1410.6505168316926,1410.6505168316926
158000.0,,,,,,,,,,,,,,,,,-4768.096884979411,,
158700.27695001385,178000.0,162000.0,590.0,-645.702392163677,2.63065219537029,16631.161230600002,177336.2533044375,-1030337.15787111,-6863.250243868025,-6863.250243868025,-3235.4780232361236,1.0,62.0,-3421.6838292953635,-3377.3944324207564,-3377.3944324207564,-4847.240424500058,-1469.8459920793016,1469.8459920793016
163000.0,,,,,,,,,,,,,,,,,-4926.383964020705,,
163446.50000428254,183000.0,180000.0,590.0,-637.1241216238675,23.37711692710495,14185.402226100001,172587.1677598275,-1030337.020028115,-11886.624022990749,-11886.624022990749,-3248.5740606255467,1.0,79.0,-3587.1471182573723,-3482.3407450288582,-3482.3407450288582,-4997.779211230381,-1515.4384662015232,1515.4384662015232
168000.0,,,,,,,,,,,,,,,,,-5069.174458440057,,
168033.9780942301,188000.0,180000.0,590.0,-633.0901876027355,15.101455354916489,22011.8310405,167997.090231777,-1030336.48175681,-10958.307616772941,-10958.307616772941,-3346.79434104622,1.0,79.0,-3695.7004886688337,-3572.9289343873256,-3572.9289343873256,-5127.702566603858,-1554.7736322165324,1554.7736322165324
173000.0,,,,,,,,,,,,,,,,,-5186.230674767659,,
173338.09977179303,193000.0,180000.0,590.0,-632.5690754309485,3.283621218103235,22011.8310405,162690.01484841,-1030339.57019079,-5308.993896265654,-5308.993896265654,-3621.8111262241055,1.0,79.0,-3738.9039150155177,-3631.575614008177,-3631.575614008177,-5226.772797150685,-1595.1971831425076,1595.1971831425076
178000.0,,,,,,,,,,,,,,,,,-5267.31491953371,,
181778.9443151209,198000.0,180000.0,590.0,-643.0087952249589,10.942258475500784,13696.2504252,154244.8159887965,-1030344.7990370151,-7519.82641572027,-7519.82641572027,-3716.7573972974233,1.0,79.0,-3716.7573972974233,-3640.6973974034336,-3640.6973974034336,-5284.854586335756,-1644.1571889323222,1644.1571889323222
183000.0,,,,,,,,,,,,,,,,,-5302.394253137802,,
183706.23083389454,203000.0,180000.0,590.0,-646.4904255112815,15.717474096864343,12962.522723850001,152316.59855445824,-1030345.7587258975,-9505.094848268636,-9505.094848268636,-3689.975029592053,1.0,79.0,-3629.260935514551,-3585.87590765295,-3585.87590765295,-5297.660373315066,-1711.784465662116,1711.784465662116
187173.99226807625,208000.0,180000.0,590.0,-654.5135428920639,3.499144332869255,15652.8576288,148847.2174178795,-1030347.25214506,-8188.363769212694,-8188.363769212694,-3582.845558770571,1.0,79.0,-3476.414529666901,-3467.3568022872873,-3467.3568022872873,-5292.926493492331,-1825.569691205044,1825.569691205044
188000.0,,,,,,,,,,,,,,,,,-5288.192613669596,,
193000.0,,,,,,,,,,,,,,,,,-5224.710001129093,,
194490.7714718363,213000.0,198000.0,590.0,-677.8073679442291,2.39352960580999,17609.4648324,141527.190966254,-1030351.07979611,-7348.53027314806,-7348.53027314806,-3422.151352538348,1.0,91.0,-3258.2181797544736,-3302.076447914826,-3302.076447914826,-5168.328208322693,-1866.251760407867,1866.251760407867
198000.0,,,,,,,,,,,,,,,,,-5111.946415516292,,
198000.0,,,,,,,,,,,,,,,,,-5071.435275845019,,
198017.1280560812,218000.0,216000.0,590.0,-690.171427906468,2.05461866740088,17120.3130315,137999.3576120415,-1030352.83663028,-6067.095947020625,-6067.095947020625,-3315.021881716866,1.0,103.0,-2984.585856474857,-3110.6889501555465,-3110.6889501555465,-5030.924136173744,-1920.2351860181975,1920.2351860181975
201022.5462164172,223000.0,216000.0,590.0,-701.921187623874,5.82866345274706,15163.705827900001,134992.808107618,-1030351.224891135,-6457.310058335221,-6457.310058335221,-3261.4571463061257,1.0,103.0,-2747.2217887807537,-2913.8484146294236,-2913.8484146294236,-4990.4129965024695,-2076.564581873046,2076.564581873046
203000.0,,,,,,,,,,,,,,,,,-4949.901856831196,,
207921.47290078056,228000.0,216000.0,590.0,-726.986802473939,10.141423717895425,21522.679239600002,128091.281679253,-1030352.237247535,-8359.375732097415,-8359.375732097415,-2886.5039984309387,1.0,103.0,-2568.4324107417406,-2732.2089469564366,-2732.2089469564366,-4844.689365085354,-2112.480418128918,2112.480418128918
208000.0,,,,,,,,,,,,,,,,,-4739.476873339513,,
213000.0,,,,,,,,,,,,,,,,,-4489.902084764798,,
213243.94511688524,233000.0,216000.0,590.0,-744.040546301343,8.286904273335526,19321.49613555,122766.84766360775,-1030355.736372615,-7536.51867646187,-7536.51867646187,-2457.9861151450114,1.0,103.0,-2448.2177223578155,-2586.4246527565633,-2586.4246527565633,-4397.412837986017,-1810.9881852294534,1810.9881852294534
217352.19763942942,238000.0,216000.0,590.0,-754.70646333364,4.039167177499795,17609.4648324,118657.1628143895,-1030357.80770818,-6472.593993881565,-6472.593993881565,-2437.094305508839,1.0,103.0,-2386.57772362898,-2495.4973092001837,-2495.4973092001837,-4304.9235912072345,-1809.4262820070508,1809.4262820070508
218000.0,,,,,,,,,,,,,,,,,-4212.434344428453,,
223000.0,,,,,,,,,,,,,,,,,-3918.330505651884,,
223086.36824802656,243000.0,216000.0,590.0,-764.617143272857,2.4090155769470503,19566.072035999998,112921.172661171,-1030357.042886945,-4105.787841619869,-4105.787841619869,-2526.6307881606535,1.0,103.0,-2383.512414555234,-2462.763699027637,-2462.763699027637,-3818.5028110200874,-1355.7391119924505,1355.7391119924505
227882.49959470058,248000.0,216000.0,590.0,-771.023449683021,2.103924951687305,13696.2504252,108123.546051121,-1030358.1901193149,-4560.398437307234,-4560.398437307234,-2623.2359404955064,1.0,103.0,-2439.021795136577,-2475.271309016222,-2475.271309016222,-3718.675116388291,-1243.403807372069,1243.403807372069
228000.0,,,,,,,,,,,,,,,,,-3618.8474217564944,,
233000.0,,,,,,,,,,,,,,,,,-3325.2419460636884,,
234000.0,,,,,,,,,,,,,,,,,-3232.7847585855116,,
234404.1077170395,253000.0,234000.0,590.0,-774.8003465176745,1.7278121363560799,18098.6166333,101600.00909282675,-1030359.4915608449,-5759.2724607031705,-5759.2724607031705,-2630.3046101785444,1.0,91.0,-2550.820127745474,-2513.9723256031425,-2513.9723256031425,-3140.327571107335,-626.3552455041927,626.3552455041927
238000.0,,,,,,,,,,,,,,,,,-3047.8703836291584,,
240444.13549291453,258000.0,252000.0,590.0,-778.2423046985492,1.2437986373742824,15652.8576288,95558.36305036789,-1030357.4725438625,-4353.417785458937,-4353.417785458937,-2634.4280008269834,1.0,79.0,-2643.4780706732504,-2559.8189352256018,-2559.8189352256018,-2918.34912982956,-358.5301946039581,358.5301946039581
243000.0,,,,,,,,,,,,,,,,,-2788.8278760299613,,
243526.98333666899,263000.0,252000.0,590.0,-780.2617043252565,1.2359395779652549,14185.402226100001,92474.72773798325,-1030356.112903725,-3789.318969560525,-3789.318969560525,-2635.017056633903,1.0,79.0,-2680.423821879338,-2593.7633243208033,-2593.7633243208033,-2709.3710155396525,-115.60769121884914,115.60769121884914
246609.85087858568,268000.0,252000.0,590.0,-782.2811039519638,1.2280805185562276,12717.946823400001,89391.09242559862,-1030354.7532635875,-3225.2201536621124,-3225.2201536621124,-2635.6061124408225,1.0,79.0,-2661.6573813637356,-2596.757679325951,-2596.757679325951,-2629.9141550493437,-33.15647572339276,33.15647572339276
248000.0,,,,,,,,,,,,,,,,,-2550.457294559035,,
252960.23938793855,273000.0,252000.0,590.0,-787.713642860556,7.24328817222176,23479.2864432,83039.1617025923,-1030352.84569476,-6430.709960679895,-6430.709960679895,-2560.2624930726543,1.0,79.0,-2587.1787491264445,-2550.135142949504,-2550.135142949504,-2443.3306663678077,106.80447658169624,106.80447658169624
253000.0,,,,,,,,,,,,,,,,,-2336.204038176581,,
257473.15447032682,278000.0,252000.0,590.0,-791.9939284994344,3.605513750935085,10272.1878189,78525.1801959394,-1030352.2609803351,-3987.56957990522,-3987.56957990522,-1933.9513058505158,1.0,79.0,-2456.9879251674633,-2447.800414851368,-2447.800414851368,-2242.8587720096925,204.94164284167528,204.94164284167528
258000.0,,,,,,,,,,,,,,,,,-2149.513505842804,,
263000.0,,,,,,,,,,,,,,,,,-1993.8310965179044,,
264954.29798382474,283000.0,252000.0,590.0,-796.251261830379,11.275806899883646,25435.8936468,71042.32233209525,-1030352.5531075201,-8665.61645474304,-8665.61645474304,-1860.8816673412664,1.0,79.0,-2271.084909486793,-2298.3272343509448,-2298.3272343509448,-1933.2166528399953,365.1105815109495,365.1105815109495
268000.0,,,,,,,,,,,,,,,,,-1872.6022091620864,,
268258.4335554717,288000.0,270000.0,590.0,-797.185780447071,3.108478487864685,25435.8936468,67737.4485300519,-1030353.235802145,-4623.600341601916,-4623.600341601916,-1850.4431475542306,1.0,74.0,-2029.4697020844333,-2118.8630800870387,-2118.8630800870387,-1844.8025843601738,274.06049572686493,274.06049572686493
270000.0,,,,,,,,,,,,,,,,,-1817.0029595582612,,
273000.0,,,,,,,,,,,,,,,,,-1789.2033347563486,,
273414.6633529325,293000.0,288000.0,590.0,-794.262719850152,2.7019774436871398,21522.679239600002,62580.10800408575,-1030354.024537245,-3774.89282210009,-3774.89282210009,-1746.057949683874,1.0,69.0,-1783.584738876798,-1926.555430698455,-1926.555430698455,-1766.9701678621518,159.58526283630317,159.58526283630317
278000.0,,,,,,,,,,,,,,,,,-1744.737000967955,,
278128.80178694316,298000.0,288000.0,590.0,-786.5503246183096,2.452976425484165,9783.036018,57865.03224517945,-1030352.646357835,-2883.5166014278702,-2883.5166014278702,-1474.6564352209473,1.0,69.0,-1584.872455780301,-1738.5517648239982,-1738.5517648239982,-1740.9119549308448,-2.3601901068466304,2.3601901068466304
282636.11037518585,303000.0,288000.0,590.0,-775.2812965111245,3.33407018847145,13696.2504252,53356.82011864175,-1030353.18158327,-4726.691650192095,-4726.691650192095,-1443.3408758598405,1.0,69.0,-1433.332852794942,-1571.9995611024724,-1571.9995611024724,-1737.0869088937343,-165.0873477912619,165.0873477912619
283000.0,,,,,,,,,,,,,,,,,-1733.261862856624,,
287905.7547589162,308000.0,288000.0,590.0,-758.2140194919571,1.9453168507397551,17120.3130315,48086.235373261006,-1030349.6755059101,-4084.38256818311,-4084.38256818311,-1400.593434314158,1.0,69.0,-1328.9659299207215,-1444.0462981726826,-1444.0462981726826,-1738.0785466992077,-294.0322485265251,294.0322485265251
288000.0,,,,,,,,,,,,,,,,,-1742.8952305417913,,
292696.4955383661,313000.0,288000.0,590.0,-741.94025068106,3.9102194331310747,20544.3756378,43294.743177733646,-1030342.609870505,-8381.17773404979,-8381.17773404979,-1447.9820434569383,1.0,69.0,-1271.7716871576392,-1363.2657153540313,-1363.2657153540313,-1752.3248223423416,-389.0591069883103,389.0591069883103
293000.0,,,,,,,,,,,,,,,,,-1761.7544141428916,,
298000.0,,,,,,,,,,,,,,,,,-1777.956723779361,,
298191.8643942934,318000.0,288000.0,590.0,-720.4480579663134,2.328091427873825,16631.161230600002,37798.480874481946,-1030337.77894487,-7410.894775099035,-7410.894775099035,-1466.9374871140503,1.0,69.0,-1261.750124505695,-1328.307686163898,-1328.307686163898,-1778.5109723764522,-450.2032862125541,450.2032862125541
302784.99011952674,323000.0,306000.0,590.0,-703.561182650885,1.4428213443396198,10272.187818900002,33204.57584463375,-1030336.850560545,-4173.615844547205,-4173.615844547205,-1471.6763480283284,1.0,79.0,-1298.9012419648889,-1335.0374482492598,-1335.0374482492598,-1779.0652209735435,-444.02777272428375,444.02777272428375
303000.0,,,,,,,,,,,,,,,,,-1779.6194695706347,,
306000.0,,,,,,,,,,,,,,,,,-1771.3663002591395,,
307659.7301186557,328000.0,324000.0,590.0,-686.084240429094,6.727741745283,15652.8576288,28329.03028522745,-1030336.08162955,-9321.519775032779,-9321.519775032779,-1481.1540698568845,1.0,89.0,-1375.1242806395019,-1379.2358563519294,-1379.2358563519294,-1763.113130947644,-383.87727459571465,383.87727459571465
308000.0,,,,,,,,,,,,,,,,,-1754.859961636149,,
312594.34291584627,333000.0,324000.0,590.0,-671.660676305379,3.60200952227579,24457.590044999997,23393.64133049645,-1030334.53838474,-3340.7843016073302,-3340.7843016073302,-1504.8483744282746,1.0,89.0,-1473.7114253071127,-1456.6837652137194,-1456.6837652137194,-1726.2984083358842,-269.6146431221648,269.6146431221648
313000.0,,,,,,,,,,,,,,,,,-1697.7368550356198,,
318000.0,,,,,,,,,,,,,,,,,-1614.3627266614349,,
318211.90611488064,338000.0,324000.0,590.0,-656.7024393253489,5.39338233002244,16631.161230600002,17775.205653345452,-1030333.816611855,-5236.87890603378,-5236.87890603378,-1571.1924272281667,1.0,89.0,-1594.1563785367387,-1563.162029576443,-1563.162029576443,-1568.91003495398,-5.748005377536856,5.748005377536856
323000.0,,,,,,,,,,,,,,,,,-1523.457343246525,,
323068.78046407085,343000.0,324000.0,590.0,-648.2803029938345,18.666149881036468,18098.6166333,12917.64494852525,-1030330.68296693,-8804.531371730434,-8804.531371730434,-1720.2922816412956,1.0,89.0,-1736.4591403283798,-1694.451504181913,-1694.451504181913,-1483.7899254130607,210.66157876885222,210.66157876885222
328000.0,,,,,,,,,,,,,,,,,-1444.1225075795962,,
328111.07487832237,348000.0,324000.0,590.0,-643.6435127630665,6.588859249023344,18587.7684342,7874.7824371376755,-1030320.239815545,-5299.32287575818,-5299.32287575818,-1767.1000094953129,1.0,89.0,-1900.6197106820366,-1847.6831702545617,-1847.6831702545617,-1427.9016792028488,419.7814910517129,419.7814910517129
332978.6226645644,353000.0,324000.0,590.0,-642.2837449426399,9.87822785928018,16631.1612306,3006.647566044965,-1030313.4346448551,-6255.9556882250145,-6255.9556882250145,-1888.8001019157582,1.0,89.0,-2086.638089597708,-2019.1316888596978,-2019.1316888596978,-1411.6808508261015,607.4508380335963,607.4508380335963
333000.0,,,,,,,,,,,,,,,,,-1395.460022449354,,
338000.0,,,,,,,,,,,,,,,,,-1396.5716906445043,,
338300.9747198525,358000.0,324000.0,590.0,-643.063554795846,20.030757002742902,24946.7418459,-2316.3136021743803,-1030305.19232436,-10837.726562089605,-10837.726562089605,-2047.9463766194172,1.0,89.0,-2294.514277075395,-2190.1877291797323,-2190.1877291797323,-1419.9008987475872,770.286830432145,770.286830432145
342000.0,,,,,,,,,,,,,,,,,-1443.2301068506704,,
343000.0,,,,,,,,,,,,,,,,,-1466.5593149537533,,
343119.76606026234,363000.0,360000.0,590.0,-644.9862448462285,6.26901805751808,21522.679239600002,-7135.65116095769,-1030298.412264805,-6700.990966529895,-6700.990966529895,-2207.092651323076,1.0,93.0,-2502.4025369379283,-2340.6237577172865,-2340.6237577172865,-1517.176917060309,823.4468406569774,823.4468406569774
347711.3259206652,368000.0,360000.0,590.0,-647.3998982258395,14.722407608469794,19566.072036,-11727.8067577246,-1030297.46997262,-10472.579101164796,-10472.579101164796,-2319.431198172718,1.0,93.0,-2620.4926204569456,-2450.2122409749813,-2450.2122409749813,-1567.794519166865,882.4177218081163,882.4177218081163
348000.0,,,,,,,,,,,,,,,,,-1618.4121212734208,,
353000.0,,,,,,,,,,,,,,,,,-1846.12717436021,,
353109.8686849424,373000.0,360000.0,590.0,-653.091220823603,11.16323482046382,18098.6166333,-17127.040519175498,-1030297.01241376,-6608.9066159471495,-6608.9066159471495,-2459.8543817347695,1.0,93.0,-2639.075311553705,-2498.725645455438,-2498.725645455438,-1936.4415083945787,562.2841370608594,562.2841370608594
357403.96460651996,378000.0,360000.0,590.0,-657.0285214422349,1.83901814842906,10272.1878189,-21421.71106714425,-1030299.17913945,-3466.6256101967147,-3466.6256101967147,-2558.150610228206,1.0,93.0,-2558.150610228206,-2465.936437661278,-2465.936437661278,-2026.7558424289475,439.18059523233046,439.18059523233046
358000.0,,,,,,,,,,,,,,,,,-2117.0701764633163,,
363000.0,,,,,,,,,,,,,,,,,-2395.7690648101257,,
363017.37071493344,383000.0,360000.0,590.0,-663.1563409507676,1.52536630631286,15163.705827900001,-27035.8331823431,-1030301.067768225,-3498.628173672165,-3498.628173672165,-2140.656786710817,1.0,93.0,-2377.7185164804496,-2335.2580401246505,-2335.2580401246505,-2479.4299687494254,-144.17192862477486,144.17192862477486
367582.2451360574,388000.0,360000.0,590.0,-666.7868089157864,4.7772143966627905,11739.6432216,-31601.39824592205,-1030310.7376131599,-5607.93725563029,-5607.93725563029,-1985.310247727602,1.0,93.0,-2097.7790303104343,-2108.4795703428226,-2108.4795703428226,-2563.0908726887246,-454.611302345902,454.611302345902
368000.0,,,,,,,,,,,,,,,,,-2646.7517766280243,,
373000.0,,,,,,,,,,,,,,,,,-2834.5462491443977,,
373148.5459672266,393000.0,360000.0,590.0,-669.9120491232604,12.033550567284525,22990.1346423,-37168.4812710708,-1030320.085243495,-12402.5151362541,-12402.5151362541,-1907.6369782359948,1.0,93.0,-1718.3321517181623,-1820.5260601306366,-1820.5260601306366,-2864.257639291809,-1043.7315791611725,1043.7315791611725
377467.10592934885,398000.0,396000.0,590.0,-672.8194691149636,5.778492669977555,22500.9828414,-41487.60224542405,-1030325.33199639,-9188.778319959274,-9188.778319959274,-1635.7805350153694,1.0,158.0,-1259.8218017659783,-1513.9890117013144,-1513.9890117013144,-2893.969029439221,-1379.9800177379063,1379.9800177379063
378000.0,,,,,,,,,,,,,,,,,-2923.680419586632,,
378000.0,,,,,,,,,,,,,,,,,-2904.3738080339085,,
383000.0,,,,,,,,,,,,,,,,,-2885.067196481185,,
383186.95620319486,403000.0,396000.0,590.0,-675.9666527230124,17.902713562879256,7826.4288144,-47208.11680702665,-1030328.23386276,-5305.959716578265,-5305.959716578265,-1325.08745704894,1.0,158.0,-911.3542502805885,-1231.4599272680778,-1231.4599272680778,-2829.780353285824,-1598.320426017746,1598.320426017746
387945.2119873917,408000.0,396000.0,590.0,-677.2249636814349,23.1113872496052,23479.2864432,-51966.8819129841,-1030328.685597045,-13879.4433588592,-13879.4433588592,-1072.6493312012162,1.0,158.0,-718.9283196522728,-1015.530309044149,-1015.530309044149,-2774.493510090463,-1758.9632010463142,1758.9632010463142
388000.0,,,,,,,,,,,,,,,,,-2719.206666895102,,
393000.0,,,,,,,,,,,,,,,,,-2460.3118147391565,,
393054.72275349253,413000.0,396000.0,590.0,-677.2026439412235,2.48797169811321,12717.946823400001,-57076.9121637295,-1030328.209762865,-4157.39770489933,-4157.39770489933,-723.1196184889835,1.0,158.0,-682.5440098810304,-908.7916592427499,-908.7916592427499,-2356.909806867454,-1448.1181476247039,1448.1181476247039
397780.0391607199,418000.0,396000.0,590.0,-674.4677800589479,5.296738114038735,12717.946823400001,-61802.723265334804,-1030329.625739225,-4915.19311502931,-4915.19311502931,-766.4054966071446,1.0,158.0,-802.2013209668621,-950.4281599000446,-950.4281599000446,-2253.5077989957517,-1303.079639095707,1303.079639095707
398000.0,,,,,,,,,,,,,,,,,-2150.105791124049,,
402983.94112744636,423000.0,396000.0,590.0,-668.8732799159454,1.91151647306957,10761.339619800001,-67007.15925126735,-1030331.37595315,-1411.732726967175,-1411.732726967175,-952.61126449218,1.0,158.0,-1077.9002529097675,-1147.043705051339,-1147.043705051339,-1990.2087691422635,-843.1650640909245,843.1650640909245
403000.0,,,,,,,,,,,,,,,,,-1830.3117471604776,,
407946.13418200426,428000.0,396000.0,590.0,-660.3765281217536,2.4354100864433548,11739.6432216,-71969.84486838366,-1030332.75684706,-4325.661865049746,-4325.661865049746,-2752.600354047522,1.0,158.0,-1509.640805709747,-1462.5106983521036,-1462.5106983521036,-1686.4822905598103,-223.97159220770664,223.97159220770664
408000.0,,,,,,,,,,,,,,,,,-1542.652833959143,,
413000.0,,,,,,,,,,,,,,,,,-1328.8522026307437,,
413633.18075033993,433000.0,408000.0,590.0,-647.8916640153903,5.379423988030923,22011.831040499997,-77657.390558333,-1030330.5840476867,-9481.015299115834,-9481.015299115834,-2831.910218146704,1.0,126.66666666666667,-2091.0475211883536,-1843.7003216486203,-1843.7003216486203,-1303.4629400223384,540.2373816262818,540.2373816262818
414000.0,,,,,,,,,,,,,,,,,-1278.0736774139334,,
416051.1600276595,438000.0,420000.0,590.0,-641.7964077477717,4.473771922533457,18098.6166333,-80075.5774865488,-1030329.6287433733,-9343.966145474766,-9343.966145474766,-2838.806728068372,1.0,95.33333333333334,-2611.730279456862,-2237.4837567871705,-2237.4837567871705,-1252.6844148055284,984.7993419816421,984.7993419816421
418000.0,,,,,,,,,,,,,,,,,-1227.2951521971231,,
423000.0,,,,,,,,,,,,,,,,,-1244.7680633764537,,
423042.1965370031,443000.0,432000.0,590.0,-621.9459587359315,3.5506938455864003,22500.9828414,-87067.2169792023,-1030328.07224951,-8192.31591765009,-8192.31591765009,-2938.806121932558,1.0,64.0,-2969.6817496601316,-2590.7321856140347,-2590.7321856140347,-1300.715129582768,1290.0170560312667,1290.0170560312667
428000.0,,,,,,,,,,,,,,,,,-1356.6621957890825,,
428334.7651532474,448000.0,432000.0,590.0,-609.178644091854,2.95545141197739,23968.438244099998,-92360.19962770195,-1030324.6512028801,-7782.503417664286,-7782.503417664286,-3145.701419582597,1.0,64.0,-3164.901931798161,-2850.316789975495,-2850.316789975495,-1441.7252105681837,1408.5915794073112,1408.5915794073112
433000.0,,,,,,,,,,,,,,,,,-1526.788225347285,,
433226.51329003664,453000.0,432000.0,590.0,-599.6299422122086,3.874932336256335,23479.2864432,-97252.32305156515,-1030321.615209785,-8139.736816089386,-8139.736816089386,-3070.878269415818,1.0,64.0,-3197.3908258709534,-2964.171328080906,-2964.171328080906,-1622.872526655312,1341.2988014255939,1341.2988014255939
438000.0,,,,,,,,,,,,,,,,,-1718.9568279633386,,
438141.1455240507,458000.0,432000.0,590.0,-593.5359998619399,1.66260188523398,17120.3130315,-102167.3211003575,-1030318.34910939,-4779.79736308088,-4779.79736308088,-2958.392069789784,1.0,64.0,-3067.148431878506,-2915.2945781210783,-2915.2945781210783,-1778.297445158732,1136.9971329623463,1136.9971329623463
442954.2198158446,463000.0,432000.0,590.0,-590.634074639733,4.601608085362811,17609.4648324,-106980.80485648551,-1030319.812177535,-5064.688476352255,-5064.688476352255,-2452.2041714726292,1.0,64.0,-2774.1747498208206,-2725.930246744999,-2725.930246744999,-1837.6380623541256,888.2921843908732,888.2921843908732
443000.0,,,,,,,,,,,,,,,,,-1896.978679549519,,
448000.0,,,,,,,,,,,,,,,,,-2024.6644560181023,,
448388.07632412744,468000.0,450000.0,590.0,-588.7202201120035,27.11045476269635,18587.7684342,-112415.116448043,-1030321.73388239,-13124.381347166549,-13124.381347166549,-1889.7731733424575,1.0,95.0,-2318.469779697896,-2440.5657472506437,-2440.5657472506437,-2035.1354969543565,405.4302502962871,405.4302502962871
450000.0,,,,,,,,,,,,,,,,,-2045.6065378906105,,
451844.52149859356,473000.0,468000.0,590.0,-587.269724380875,24.04156001942896,16142.0094297,-115871.8794351695,-1030325.69825532,-10355.989989840715,-10355.989989840715,-1833.5300735294404,1.0,126.0,-1833.495761403657,-2103.6884929359862,-2103.6884929359862,-2056.0775788268647,47.610914109121495,47.610914109121495
453000.0,,,,,,,,,,,,,,,,,-2066.548619763119,,
456992.8708170957,478000.0,468000.0,590.0,-582.144632058615,1.55287583897847,11250.4914207,-121020.65806749699,-1030328.741370625,-3825.332275223345,-3825.332275223345,-1805.408523622932,1.0,126.0,-1452.7149348320288,-1759.7858970990035,-1759.7858970990035,-2038.7996034198081,-279.01370632080466,279.01370632080466
458000.0,,,,,,,,,,,,,,,,,-2011.050587076497,,
463000.0,,,,,,,,,,,,,,,,,-1871.8397038798407,,
463073.22436380666,483000.0,468000.0,590.0,-573.1142696584716,15.846697723589081,13207.0986243,-127101.468935225,-1030329.24491672,-5772.488281015205,-5772.488281015205,-1580.4361243708631,1.0,126.0,-1176.1272999830117,-1453.3453730376677,-1453.3453730376677,-1806.6446899253458,-353.29931688767806,353.29931688767806
467948.7912424784,488000.0,468000.0,590.0,-561.798062056291,7.769540146288775,17609.4648324,-131977.372190778,-1030327.833346395,-5163.00683572384,-5163.00683572384,-1087.3879809537643,1.0,126.0,-1003.7328568566049,-1228.8543340499557,-1228.8543340499557,-1741.4496759708509,-512.5953419208952,512.5953419208952
468000.0,,,,,,,,,,,,,,,,,-1676.254662016356,,
473000.0,,,,,,,,,,,,,,,,,-1451.6341533292475,,
473052.5401000318,493000.0,468000.0,590.0,-547.5818005954895,10.152968113623121,20544.3756378,-137081.448180001,-1030324.87482124,-4802.5130613222755,-4802.5130613222755,-1128.836407396903,1.0,126.0,-935.5316054528088,-1108.5564867848543,-1108.5564867848543,-1376.195058773406,-267.6385719885516,267.6385719885516
477870.0507118993,498000.0,468000.0,590.0,-532.915454202018,8.770545881472875,16631.1612306,-141899.306609466,-1030325.95524177,-2098.2481464317234,-2098.2481464317234,-1157.332200576561,1.0,126.0,-971.5235457716233,-1084.3425720933212,-1084.3425720933212,-1300.7559642175645,-216.41339212424327,216.41339212424327
478000.0,,,,,,,,,,,,,,,,,-1225.3168696617229,,
482929.77018027485,503000.0,468000.0,590.0,-516.9455320280649,24.148132168980112,21033.5274387,-146959.38373401348,-1030327.075017805,-4051.469848457685,-4051.469848457685,-1289.449059864066,1.0,126.0,-1111.7086778130486,-1131.377983831415,-1131.377983831415,-1124.9791862593552,6.3987975720597206,6.3987975720597206
483000.0,,,,,,,,,,,,,,,,,-1024.6415028569877,,
486000.0,,,,,,,,,,,,,,,,,-975.4099168240743,,
487941.13673765946,508000.0,504000.0,590.0,-500.965398337403,9.13168715194082,15652.8576288,-151971.085739378,-1030327.18518286,-3656.078491049525,-3656.078491049525,-1457.8332922893173,1.0,186.0,-1307.431446682831,-1224.3212871583783,-1224.3212871583783,-926.1783307911611,298.14295636721715,298.14295636721715
488000.0,,,,,,,,,,,,,,,,,-876.9467447582477,,
492986.748792971,513000.0,504000.0,590.0,-484.719279664282,54.98195391073064,20055.223836899997,-157016.9899711985,-1030323.896175005,-10091.75268516237,-10091.75268516237,-1553.6827784390762,1.0,186.0,-1458.3397704115735,-1337.8310472334542,-1337.8310472334542,-836.4243430226772,501.406704210777,501.406704210777
493000.0,,,,,,,,,,,,,,,,,-795.9019412871066,,
496712.3797281356,518000.0,504000.0,590.0,-473.8115029331185,58.04313648075805,23479.2864432,-160742.8321157395,-1030321.405032015,-13079.4033198244,-13079.4033198244,-1556.2733050917723,1.0,186.0,-1561.3926768183846,-1446.5658292158862,-1446.5658292158862,-787.9667370117547,658.5990922041315,658.5990922041315
498000.0,,,,,,,,,,,,,,,,,-780.0315327364029,,
502968.7184432596,523000.0,504000.0,590.0,-458.404372362053,6.32379991012802,20055.2238369,-166999.580373585,-1030322.7712154,-5815.86865210746,-5815.86865210746,-1543.572736780778,1.0,186.0,-1616.5901659032654,-1525.1841982649173,-1525.1841982649173,-802.4240751196794,722.7601231452379,722.7601231452379
503000.0,,,,,,,,,,,,,,,,,-824.8166175029559,,
508000.0,,,,,,,,,,,,,,,,,-925.6460715018868,,
508682.1186337969,528000.0,504000.0,590.0,-448.6433944516355,2.21735698404123,20055.223836899997,-172713.358827459,-1030325.203916675,-3520.82373031202,-3520.82373031202,-1380.6236432595485,1.0,186.0,-1623.932237666215,-1556.4539786888324,-1556.4539786888324,-976.4003045506969,580.0536741381355,580.0536741381355
512600.81331922207,533000.0,504000.0,590.0,-447.740310789213,2.562660133197575,23479.2864432,-176632.262862381,-1030322.74020321,-3885.463378736885,-3885.463378736885,-1361.8218247763298,1.0,186.0,-1583.4188921072341,-1539.8683417908167,-1539.8683417908167,-1027.154537599507,512.7138041913097,512.7138041913097
513000.0,,,,,,,,,,,,,,,,,-1077.9087706483172,,
517735.9980538022,538000.0,504000.0,590.0,-454.2076775696055,2.87041490472529,11739.6432216,-181767.6170389555,-1030310.28896344,-2563.552123899895,-2563.552123899895,-1236.4763682215378,1.0,186.0,-1495.0501292263218,-1475.4272875708702,-1475.4272875708702,-1177.451180752843,297.97610681802735,297.97610681802735
518000.0,,,,,,,,,,,,,,,,,-1276.9935908573689,,
522000.0,,,,,,,,,,,,,,,,,-1397.6414994507659,,
523000.0,,,,,,,,,,,,,,,,,-1518.2894080441629,,
523067.9358292745,543000.0,540000.0,590.0,-471.99190154029,2.629160800743915,11739.6432216,-187099.7997218605,-1030304.122161235,-1648.5451659238051,-1648.5451659238051,-1123.665457322225,1.0,139.0,-1358.825949023479,-1363.1308160289925,-1363.1308160289925,-1658.4750329375725,-295.34421690857994,295.34421690857994
528000.0,,,,,,,,,,,,,,,,,-1798.660657830982,,
533000.0,,,,,,,,,,,,,,,,,-2113.3726818013256,,
538000.0,,,,,,,,,,,,,,,,,-2438.697474066197,,
543000.0,,,,,,,,,,,,,,,,,-2748.8437238766887,,
548000.0,,,,,,,,,,,,,,,,,-3018.020120483892,,
553000.0,,,,,,,,,,,,,,,,,-3220.4353531388983,,
558000.0,,,,,,,,,,,,,,,,,-3330.298111092799,,
558000.0,,,,,,,,,,,,,,,,,-3328.378815312144,,
563000.0,,,,,,,,,,,,,,,,,-3326.4595195314887,,
568000.0,,,,,,,,,,,,,,,,,-3209.113936266113,,
573000.0,,,,,,,,,,,,,,,,,-3001.4024036749984,,
578000.0,,,,,,,,,,,,,,,,,-2731.5457051463527,,
583000.0,,,,,,,,,,,,,,,,,-2427.76462406838,,
588000.0,,,,,,,,,,,,,,,,,-2118.2799438292877,,
593000.0,,,,,,,,,,,,,,,,,-1831.3124478172792,,
594000.0,,,,,,,,,,,,,,,,,-1712.068852283393,,
598000.0,,,,,,,,,,,,,,,,,-1592.8252567495065,,
603000.0,,,,,,,,,,,,,,,,,-1407.7312897057598,,
608000.0,,,,,,,,,,,,,,,,,-1270.358601063157,,
613000.0,,,,,,,,,,,,,,,,,-1172.3660943174586,,
618000.0,,,,,,,,,,,,,,,,,-1105.4126729644247,,
623000.0,,,,,,,,,,,,,,,,,-1061.157240499816,,
628000.0,,,,,,,,,,,,,,,,,-1031.2587004193922,,
630000.0,,,,,,,,,,,,,,,,,-1019.4007392841954,,
633000.0,,,,,,,,,,,,,,,,,-1007.5427781489988,,
638000.0,,,,,,,,,,,,,,,,,-987.3403228072794,,
643000.0,,,,,,,,,,,,,,,,,-969.74903363676,,
648000.0,,,,,,,,,,,,,,,,,-952.9643091224928,,
653000.0,,,,,,,,,,,,,,,,,-935.1815477495304,,
658000.0,,,,,,,,,,,,,,,,,-914.5961480029256,,
663000.0,,,,,,,,,,,,,,,,,-889.4035083677303,,
666000.0,,,,,,,,,,,,,,,,,-873.6012678483636,,
668000.0,,,,,,,,,,,,,,,,,-857.7990273289969,,
673000.0,,,,,,,,,,,,,,,,,-818.880404129252,,
678000.0,,,,,,,,,,,,,,,,,-774.1462425036999,,
683000.0,,,,,,,,,,,,,,,,,-728.1860163914057,,
688000.0,,,,,,,,,,,,,,,,,-685.6828624648839,,
693000.0,,,,,,,,,,,,,,,,,-651.3199173966497,,
698000.0,,,,,,,,,,,,,,,,,-629.7803178592177,,
702000.0,,,,,,,,,,,,,,,,,-627.7637591921603,,
703000.0,,,,,,,,,,,,,,,,,-625.7472005251029,,
708000.0,,,,,,,,,,,,,,,,,-642.4050983316155,,
713000.0,,,,,,,,,,,,,,,,,-679.2047031327079,,
718000.0,,,,,,,,,,,,,,,,,-732.8597193220571,,
723000.0,,,,,,,,,,,,,,,,,-799.798086458008,,
728000.0,,,,,,,,,,,,,,,,,-876.4477440989054,,
733000.0,,,,,,,,,,,,,,,,,-959.236631803094,,
738000.0,,,,,,,,,,,,,,,,,-1044.592689128919,,
738000.0,,,,,,,,,,,,,,,,,-1087.0897578215706,,
743000.0,,,,,,,,,,,,,,,,,-1129.5868265142224,,
748000.0,,,,,,,,,,,,,,,,,-1213.933279123672,,
753000.0,,,,,,,,,,,,,,,,,-1297.632046957268,,
758000.0,,,,,,,,,,,,,,,,,-1380.6831300150106,,
763000.0,,,,,,,,,,,,,,,,,-1463.0865282968996,,
774000.0,,,,,,,,,,,,,,,,,,,
5019.389834327719,843000.0,828000.0,650.0,-761.1753896336625,1.8740980981423,11942.5318935,-465768.2648041375,-1090107.23449028,-2931.6418455668254,-2931.6418455668254,-2448.2678050716886,1.0,165.0,-2390.910539255506,-2494.043295485619,-2494.043295485619,,,
9384.396472747178,838000.0,828000.0,650.0,-764.946749076908,34.335869316765056,22966.4074875,-460802.54539311246,-1089860.56264481,-13373.14648387675,-13373.14648387675,-2516.0163440885744,1.0,165.0,-2530.0038092026107,-2636.198616095916,-2636.198616095916,,,
14458.88976550055,833000.0,828000.0,650.0,-766.054276322678,1.60622818136481,21129.0948885,-455525.81323796255,-1089598.855464095,-3357.9990232864147,-3357.9990232864147,-2565.6986060342915,1.0,165.0,-2694.2866700921363,-2774.945293224578,-2774.945293224578,,,
18000.0,,,,,,,,,,,,,,,,,,,
19120.203244585264,828000.0,810000.0,650.0,-764.3325888446584,1.65763736649073,12401.860043249999,-450779.162470524,-1089361.2682113,-3721.964599445675,-3721.964599445675,-2710.228822603649,1.0,137.5,-2883.759121924083,-2891.217837255567,-2891.217837255567,,,
24220.62268455362,823000.0,792000.0,650.0,-757.0811777254605,31.125536959209523,16535.813391,-445626.795091572,-1089109.22571086,-11184.72241168698,-11184.72241168698,-2859.2756084407984,1.0,110.0,-3041.224695850339,-2965.9507585728475,-2965.9507585728475,,,
27257.069454370194,818000.0,792000.0,650.0,-750.07570135828,35.107475999501276,20210.438588999998,-442569.84483152453,-1088959.372858705,-13482.860351060435,-13482.860351060435,-2863.7921777085903,1.0,110.0,-3109.486923022791,-2980.07856756038,-2980.07856756038,,,
33000.0,,,,,,,,,,,,,,,,,-2202.994622074178,,
33983.96155017383,813000.0,792000.0,650.0,-727.7444044262465,8.154642434128505,16995.141540750003,-435813.010784596,-1088627.84942384,-7159.27197237337,-7159.27197237337,-3012.8389635457406,1.0,110.0,-3088.5458034414423,-2914.535774602129,-2914.535774602129,-2048.318559421923,866.217215180206,866.217215180206
38000.0,,,,,,,,,,,,,,,,,-1893.642496769668,,
39737.2178071709,808000.0,792000.0,650.0,-693.6268865926497,4.595939266270465,11253.539668874999,-430044.55846326624,-1088349.05987937,-4675.890136521975,-4675.890136521975,-3028.3612816195855,1.0,110.0,-2978.4013371062897,-2759.7896348900754,-2759.7896348900754,-1757.672596127145,1002.1170387629304,1002.1170387629304
43000.0,,,,,,,,,,,,,,,,,-1621.7026954846217,,
43978.40137220465,803000.0,792000.0,650.0,-662.2415708659355,2.28114720565622,12861.188193,-425795.78742109204,-1088140.80676973,-3589.915527184625,-3589.915527184625,-2807.4580745834196,1.0,110.0,-2779.0535240173344,-2523.50740589735,-2523.50740589735,-1504.43895685183,1019.0684490455201,1019.0684490455201
48000.0,,,,,,,,,,,,,,,,,-1387.1752182190385,,
50220.00464941646,798000.0,792000.0,650.0,-626.6668382012615,26.190828380849453,14698.500792,-419549.6300051955,-1087994.52190155,-10435.41943319733,-10435.41943319733,-2682.599740171674,1.0,110.0,-2490.502364174577,-2229.1700636354167,-2229.1700636354167,-1288.6176415959785,940.5524220394382,940.5524220394382
53000.0,,,,,,,,,,,,,,,,,-1190.0600649729188,,
53123.8713799085,793000.0,792000.0,650.0,-614.0900999069661,17.675455593882454,5052.60964725,-416646.133352377,-1088041.361139405,-4834.10522440712,-4834.10522440712,-2672.9952529092316,1.0,110.0,-2112.747857578017,-1900.73778770781,-1900.73778770781,-1136.8257885640332,763.9119991437767,763.9119991437767
54000.0,,,,,,,,,,,,,,,,,-1083.591512155148,,
58000.0,,,,,,,,,,,,,,,,,-1030.3572357462624,,
58997.4172517212,788000.0,756000.0,650.0,-571.227098501351,18.918228950211947,12861.188193,-410773.33681490354,-1088136.01703618,-3678.5972898768696,-3678.5972898768696,-1722.151013927476,1.0,235.0,-1691.79354906644,-1562.1707577180641,-1562.1707577180641,-969.1719167916026,592.9988409264615,592.9988409264615
63000.0,,,,,,,,,,,,,,,,,-907.9865978369428,,
64084.55333636817,783000.0,756000.0,650.0,-521.8780766027276,479.4521403042145,18832.45413975,-405686.628774861,-1088205.536610295,-14337.3496088433,-14337.3496088433,-1299.553574380029,1.0,235.0,-1322.5217498698428,-1237.4291532697137,-1237.4291532697137,-864.1051186048009,373.3240346649128,373.3240346649128
68000.0,,,,,,,,,,,,,,,,,-820.2236393726589,,
68781.55565696952,778000.0,756000.0,650.0,-462.8996760140425,63.97864786800781,12861.188193,-400989.7663490555,-1088254.6970927701,-5158.779540802125,-5158.779540802125,-1174.6952399682832,1.0,235.0,-1007.8076815406489,-950.4731539662926,-950.4731539662926,-791.6426823098718,158.83047165642074,158.83047165642074
73000.0,,,,,,,,,,,,,,,,,-763.0617252470847,,
73997.6316937188,773000.0,756000.0,650.0,-355.231476792285,7.44392532831851,5971.26594675,-395774.08985502855,-1088322.705000145,-1558.343261630055,-1558.343261630055,-1522.8208922465267,1.0,235.0,-747.6513440788594,-717.5956819382046,-717.5956819382046,-747.7779728004898,-30.182290862285186,30.182290862285186
78000.0,,,,,,,,,,,,,,,,,-732.4942203538949,,
80949.28031083233,768000.0,750857.1428571428,650.0,-265.1752611963375,2.698930181851645,4330.808269071429,-388822.9271143003,-1088410.0113094542,-1424.179024748547,-1424.179024748547,-1857.2832640611036,1.0,202.42857142857142,-542.0527374844735,-539.2759407775203,-539.2759407775203,-728.5043549703294,-189.22841419280905,189.22841419280905
83000.0,,,,,,,,,,,,,,,,,-724.5144895867637,,
84288.85363677268,763000.0,745714.2857142857,650.0,-264.224826360182,2.8479388068917197,4527.663190392857,-385483.48317559157,-1088445.3917090185,-1623.8438894179642,-1623.8438894179642,-1861.0624999008164,1.0,169.85714285714283,-391.011861757491,-415.5139304842399,-415.5139304842399,-728.048292337631,-312.5343618533911,312.5343618533911
87628.4313858565,758000.0,740571.4285714285,650.0,-263.2743915240265,2.996947431931795,4724.518111714286,-382144.0392368829,-1088480.7721085828,-1823.5087540873815,-1823.5087540873815,-1864.8417357405292,1.0,137.28571428571428,-294.5287168979123,-346.30965105836304,-346.30965105836304,-731.5820950884984,-385.2724440301353,385.2724440301353
88000.0,,,,,,,,,,,,,,,,,-735.1158978393656,,
90000.0,,,,,,,,,,,,,,,,,-743.5345794620775,,
90968.0130709424,753000.0,735428.5714285715,650.0,-262.32395668787103,3.14595605697187,4921.373033035715,-378804.5952981741,-1088516.152508147,-2023.1736187567985,-2023.1736187567985,-1868.6209715802418,1.0,104.71428571428571,-252.60330290573734,-331.66310249989,-331.66310249989,-751.9532610847896,-420.2901585848996,420.2901585848996
93000.0,,,,,,,,,,,,,,,,,-760.3719427075015,,
94307.59827389005,748000.0,730285.7142857143,650.0,-261.3735218517155,3.294964682011945,5118.227954357143,-375465.15135946544,-1088551.5329077113,-2222.8384834262156,-2222.8384834262156,-1872.4002074199545,1.0,72.14285714285714,-265.23561978096603,-365.4076127068557,-365.4076127068557,-773.2481287907168,-407.84051608386113,407.84051608386113
97647.18663376136,743000.0,725142.8571428572,650.0,-260.42308701556004,3.44397330705202,5315.082875678572,-372125.7074207567,-1088586.9133072756,-2422.503348095633,-2422.503348095633,-1876.1794432596673,1.0,39.57142857142857,-332.4256675235986,-435.2098374753305,-435.2098374753305,-786.124314873932,-350.9144773986015,350.9144773986015
98000.0,,,,,,,,,,,,,,,,,-799.0005009571473,,
100986.77783736201,738000.0,720000.0,650.0,-259.4726521794045,3.592981932092095,5511.9377970000005,-368786.263482048,-1088622.29370684,-2622.16821276505,-2622.16821276505,-1879.95867909938,1.0,7.0,-454.1734461336347,-528.7364326013846,-528.7364326013846,-823.207236392029,-294.47080379064437,294.47080379064437
103000.0,,,,,,,,,,,,,,,,,-847.4139718269107,,
106831.06848423608,733000.0,720000.0,650.0,-257.8093912161324,3.8537470259122264,5856.4339093125,-362942.2365893078,-1088684.2094060774,-2971.5817259365303,-2971.5817259365303,-1875.8397430303278,1.0,7.0,-593.4789229992853,-633.6540538810884,-633.6540538810884,-872.925562810459,-239.2715089293706,239.2715089293706
108000.0,,,,,,,,,,,,,,,,,-898.4371537940073,,
112675.36579371797,728000.0,720000.0,650.0,-256.14613025286025,4.114512119732357,6200.930021625,-357098.2096965675,-1088746.125105315,-3320.99523910801,-3320.99523910801,-1871.7208069612752,1.0,7.0,-713.3420655087612,-737.6293571105119,-737.6293571105119,-921.66599956483,-184.0366424543181,184.0366424543181
113000.0,,,,,,,,,,,,,,,,,-944.8948453356528,,
118000.0,,,,,,,,,,,,,,,,,-979.6118449290632,,
118519.66878019244,723000.0,720000.0,650.0,-254.48286928958814,4.375277213552488,6545.426133937501,-351254.1828038272,-1088808.0408045526,-3670.40875227949,-3670.40875227949,-1867.601870892223,1.0,7.0,-813.7628736620622,-828.3289980857256,-828.3289980857256,-987.5123979902584,-159.18339990453273,159.18339990453273
123000.0,,,,,,,,,,,,,,,,,-995.4129510514535,,
126000.0,,,,,,,,,,,,,,,,,-990.2679566157467,,
128000.0,,,,,,,,,,,,,,,,,-985.1229621800398,,
129001.39965170252,718000.0,684000.0,650.0,-300.8140857934015,1.8498192170226901,23425.73563725,-340772.84008154995,-1088910.80046655,-2532.417846557225,-2532.417846557225,-1690.4876199229734,1.0,61.0,-894.7413474591883,-899.5863047047645,-899.5863047047645,-965.1386198667349,-65.55231516197034,65.55231516197034
133000.0,,,,,,,,,,,,,,,,,-945.1542775534298,,
134152.44410158042,713000.0,684000.0,650.0,-361.449782578665,9.478026296650315,14239.17264225,-335621.7905185335,-1088946.91829243,-6813.683349338495,-6813.683349338495,-1492.778688608462,1.0,61.0,-956.2774869001398,-951.4012769676286,-951.4012769676286,-912.3144549603817,39.08682200724695,39.08682200724695
138000.0,,,,,,,,,,,,,,,,,-879.4746323673335,,
138646.38154667433,708000.0,684000.0,650.0,-412.8579218817325,13.44932667432051,12861.188193,-331128.065485072,-1088993.507021575,-6421.645141344259,-6421.645141344259,-1212.6910359129042,1.0,61.0,-998.3712919849165,-983.7739148743177,-983.7739148743177,-839.8549240129728,143.91899086134492,143.91899086134492
143000.0,,,,,,,,,,,,,,,,,-800.2352156586122,,
143154.57956532916,703000.0,684000.0,650.0,-385.8127671373265,1.49155339591472,7349.2503959999995,-326620.12474645546,-1089043.3116922202,-1850.48352040899,-1850.48352040899,-1064.4093374270208,1.0,61.0,-1021.0227627135184,-996.7042184248322,-996.7042184248322,-760.0352077862358,236.66901063859643,236.66901063859643
148000.0,,,,,,,,,,,,,,,,,-719.8351999138595,,
150334.8681251659,698000.0,684000.0,650.0,-399.0760449730047,1.6088694050785468,5358.82841375,-319440.17773514765,-1089117.48308192,-2723.697428256323,-2723.697428256323,-1004.7461667410328,1.0,61.0,-1024.2318990859455,-990.2634302568553,-990.2634302568553,-685.2544787667641,305.00895149009114,305.00895149009114
153000.0,,,,,,,,,,,,,,,,,-650.6737576196687,,
153949.54933112438,693000.0,684000.0,650.0,-408.5558073175923,1.4094460404372033,8421.01607875,-315825.64597820037,-1089153.05622468,-4241.060872214136,-4241.060872214136,-1004.1502373863403,1.0,61.0,-1007.9987011021979,-966.8738000516176,-966.8738000516176,-627.9119094411509,338.96189061046675,338.96189061046675
158000.0,,,,,,,,,,,,,,,,,-605.1500612626331,,
158585.69352631323,688000.0,684000.0,650.0,-422.107198574426,6.147000327279545,14698.500791999999,-311189.6959864985,-1089198.742383245,-7421.514648145555,-7421.514648145555,-1000.8726259355321,1.0,61.0,-972.3231687622754,-930.0974596932824,-930.0974596932824,-601.9878019515376,328.10965774174485,328.10965774174485
162000.0,,,,,,,,,,,,,,,,,-598.8255426404419,,
163000.0,,,,,,,,,,,,,,,,,-595.6632833293463,,
163466.950415579,683000.0,666000.0,650.0,-442.638740849554,4.18257411842324,15157.82894175,-306308.7029629,-1089251.1483557401,-2720.5999754569502,-2720.5999754569502,-995.5092617433004,1.0,141.5,-917.6327578922779,-883.4965410660126,-883.4965410660126,-613.1540722200191,270.3424688459935,270.3424688459935
168000.0,,,,,,,,,,,,,,,,,-630.6448611106917,,
169010.3094811736,678000.0,648000.0,650.0,-467.3710474145305,14.0785200731444,15617.157091500001,-300765.54401198,-1089303.065130645,-3342.69042953695,-3342.69042953695,-891.8175540268201,1.0,222.0,-858.0335107534906,-830.6331760539715,-830.6331760539715,-669.043329391458,161.58984666251354,161.58984666251354
173000.0,,,,,,,,,,,,,,,,,-707.4417976722242,,
173843.49777290682,673000.0,648000.0,650.0,-488.89077382872,10.35885343072064,8267.9066955,-295932.4673321855,-1089343.367897035,-3750.8321531556103,-3750.8321531556103,-795.2769985666487,1.0,222.0,-800.3647205635071,-775.0694965413219,-775.0694965413219,-759.3343288057426,15.735167735579239,15.735167735579239
178000.0,,,,,,,,,,,,,,,,,-811.226859939261,,
178794.00760700266,668000.0,648000.0,650.0,-511.1314948016535,31.110015792535947,15617.157091500001,-290982.0098975645,-1089379.62623111,-4967.034667761885,-4967.034667761885,-763.0968134132581,1.0,222.0,-744.6263873223272,-720.2963917745437,-720.2963917745437,-868.5551750805951,-148.25878330605133,148.25878330605133
183000.0,,,,,,,,,,,,,,,,,-925.8834902219292,,
183952.77492423568,663000.0,648000.0,650.0,-544.736007634519,7.856765075637935,11942.5318935,-285823.5345725005,-1089435.5457012649,-1495.52465811661,-1495.52465811661,-690.361096028872,1.0,222.0,-690.8185110299507,-667.4537439565692,-667.4537439565692,-980.5893105261429,-313.1355665695737,313.1355665695737
188000.0,,,,,,,,,,,,,,,,,-1035.2951308303566,,
188850.2903925028,658000.0,648000.0,650.0,-582.849981748769,6.332274956362729,14698.500791999999,-280926.2766570335,-1089487.0575583451,-2673.6909178413953,-2673.6909178413953,-659.449486444059,1.0,222.0,-638.941091686378,-619.5547896119613,-619.5547896119613,-1079.3201774525137,-459.7653878405524,459.7653878405524
193000.0,,,,,,,,,,,,,,,,,-1123.3452240746708,,
195217.4853496109,653000.0,648000.0,650.0,-613.1355698393361,2.712644873140225,15617.1570915,-274559.295876879,-1089544.465431795,-1980.91845692791,-1980.91845692791,-649.856228297048,1.0,222.0,-588.9941292916088,-582.6260017898464,-613.1355698393361,-1148.6312181698345,-535.4956483304984,535.4956483304984
198000.0,,,,,,,,,,,,,,,,,-1173.9172122649982,,
198000.0,,,,,,,,,,,,,,,,,-1173.8766475418802,,
199292.90569335665,648000.0,630000.0,650.0,-621.6241032206206,15.817876800037416,10564.54744425,-270484.07265555253,-1089585.8429938601,-6312.73474095744,-6312.73474095744,-648.790310725158,1.0,167.0,-540.9776238456432,-562.6938535393508,-621.6241032206206,-1173.8360828187622,-552.2119795981416,552.2119795981416
203000.0,,,,,,,,,,,,,,,,,-1173.7955180956442,,
204555.30414264943,643000.0,612000.0,650.0,-623.7292969718337,3.8477424639126703,9033.453611750001,-265221.865667091,-1089634.1937088168,-2949.2075193943397,-2949.2075193943397,-645.770210938136,1.0,112.0,-512.9709944958599,-565.7848179096007,-623.7292969718337,-1156.9142309406325,-533.1849339687988,533.1849339687988
207556.4009009911,638000.0,612000.0,650.0,-623.2920314862083,6.4306989062976205,15770.266474750002,-262220.85409988,-1089659.7929557934,-4505.71484355913,-4505.71484355913,-645.4149050808393,1.0,112.0,-523.0536603896379,-597.9253679497225,-623.2920314862083,-1140.0329437856205,-516.7409122994122,516.7409122994122
208000.0,,,,,,,,,,,,,,,,,-1123.1516566306088,,
213000.0,,,,,,,,,,,,,,,,,-1036.9592345815906,,
213825.11362231133,633000.0,612000.0,650.0,-621.9398485422505,24.79894854958023,19291.7822895,-255952.3832938185,-1089718.250167715,-6711.17419406862,-6711.17419406862,-638.131135006257,1.0,112.0,-571.2256215269772,-665.1419767088423,-665.1419767088423,-985.2189912600284,-320.07701455118604,320.07701455118604
218000.0,,,,,,,,,,,,,,,,,-933.478747938466,,
218908.4109353452,628000.0,612000.0,650.0,-617.3947205947354,11.934126423406205,11942.531893500001,-250869.35356112203,-1089771.33173836,-3644.0917967140003,-3644.0917967140003,-1045.721630607508,1.0,112.0,-657.4868779078776,-770.4478807115232,-770.4478807115232,-882.2247203147886,-111.77683960326533,111.77683960326533
223000.0,,,,,,,,,,,,,,,,,-830.9706926911113,,
224945.75030674523,623000.0,612000.0,650.0,-611.9845696452539,2.34640758769013,16076.48524125,-244832.2264625165,-1089825.7440594449,-2606.52331530466,-2606.52331530466,-1071.1063813410456,1.0,112.0,-781.8374295323392,-910.0602013247584,-910.0602013247584,-789.3331287602571,120.72707256450133,120.72707256450133
228000.0,,,,,,,,,,,,,,,,,-747.695564829403,,
228953.66953270813,618000.0,612000.0,650.0,-607.034070376005,23.37464090162912,20210.438588999998,-240824.4647873375,-1089863.14883107,-8266.508544600634,-8266.508544600634,-1096.4911320745834,1.0,112.0,-944.277276400362,-1072.3938727349625,-1072.3938727349625,-724.8047125863101,347.58916014865247,347.58916014865247
233000.0,,,,,,,,,,,,,,,,,-701.9138603432172,,
233981.05891441545,613000.0,612000.0,650.0,-602.5196068764415,2.15806782998088,16535.813391,-235797.294963281,-1089911.80365538,-3407.00549301128,-3407.00549301128,-1223.414885742272,1.0,112.0,-1144.8064185119458,-1245.6273992139893,-1245.6273992139893,-704.7509854098917,540.8764138040976,540.8764138040976
234000.0,,,,,,,,,,,,,,,,,-707.588110476566,,
238000.0,,,,,,,,,,,,,,,,,-710.4252355432405,,
238785.90876367388,608000.0,576000.0,650.0,-599.402376147053,6.19289413806001,23885.063787,-230992.6188493225,-1089955.2715929751,-5325.80712868695,-5325.80712868695,-1536.4934781225702,1.0,202.0,-1360.727584069048,-1417.9392850336906,-1417.9392850336906,-743.313512320747,674.6257727129436,674.6257727129436
243000.0,,,,,,,,,,,,,,,,,-776.2017890982535,,
244156.4563099308,603000.0,576000.0,650.0,-596.999633487002,19.747610339955102,17454.469690500002,-225622.19843890198,-1089998.19180197,-9031.9169918397,-9031.9169918397,-1688.8019825237964,1.0,202.0,-1545.2276499882041,-1577.5080344659189,-1577.5080344659189,-832.3712146935048,745.136819772414,745.136819772414
248000.0,,,,,,,,,,,,,,,,,-888.5406402887562,,
248566.68286716798,598000.0,576000.0,650.0,-596.3880571093296,91.38157520156246,22047.751188000002,-221212.1521008885,-1090039.660049545,-12695.654784681465,-12695.654784681465,-1714.186733257334,1.0,202.0,-1696.888036782037,-1712.512151782527,-1712.512151782527,-960.1214494668263,752.3907023157008,752.3907023157008
253000.0,,,,,,,,,,,,,,,,,-1031.7022586448963,,
254232.9845213167,593000.0,576000.0,650.0,-595.8840971055895,20.0738695869005,16535.813391,-215546.15805325052,-1090099.2559741,-6411.5690915399355,-6411.5690915399355,-1806.120350616035,1.0,202.0,-1815.7087444505464,-1814.9130198883747,-1814.9130198883747,-1110.8246861708585,704.0883337175162,704.0883337175162
258000.0,,,,,,,,,,,,,,,,,-1189.947113696821,,
258899.62078716984,588000.0,576000.0,650.0,-595.8863197114165,48.655666611254304,20210.438588999998,-210879.709310326,-1090142.789961805,-7631.587402044515,-7631.587402044515,-1836.9165462671408,1.0,202.0,-1901.6897729937325,-1886.4222891680354,-1886.4222891680354,-1268.7413943357492,617.6808948322862,617.6808948322862
263000.0,,,,,,,,,,,,,,,,,-1347.5356749746772,,
263990.6891458467,583000.0,576000.0,650.0,-593.8682515641176,48.94839165489155,19751.11043925,-205788.8187962895,-1090187.9711970799,-6442.517577866985,-6442.517577866985,-1935.4643723506802,1.0,202.0,-1954.8311224115944,-1936.996814483764,-1936.996814483764,-1418.1320434916452,518.8647709921188,518.8647709921188
268000.0,,,,,,,,,,,,,,,,,-1488.728412008613,,
269019.80477131647,578000.0,576000.0,650.0,-590.1552622812931,2.78692128667609,9186.562995,-200759.9475204945,-1090238.35845953,-1957.88000478027,-1957.88000478027,-2004.7558125656683,1.0,202.0,-1975.1327927041334,-1977.4592641640975,-1977.4592641640975,-1525.185802985133,452.27346117896445,452.27346117896445
270000.0,,,,,,,,,,,,,,,,,-1561.6431939616527,,
273000.0,,,,,,,,,,,,,,,,,-1598.1005849381727,,
273944.8859892569,573000.0,540000.0,650.0,-587.234655362195,40.5973630620896,15617.157091500001,-195835.0857757765,-1090285.99341226,-7251.06225557333,-7251.06225557333,-2032.4723886516638,1.0,94.0,-1974.283265666169,-2018.6323065375736,-2018.6323065375736,-1634.358064475588,384.27424206198566,384.27424206198566
278000.0,,,,,,,,,,,,,,,,,-1670.615544013003,,
278828.49797834974,568000.0,540000.0,650.0,-584.353892205017,9.486743620646646,4133.95334775,-190951.69764633,-1090333.72675513,-4105.456054510505,-4105.456054510505,-2131.020214735203,1.0,94.0,-2000.335188676408,-2071.3386099327295,-2071.3386099327295,-1690.7988699644038,380.53973996832565,380.53973996832565
283000.0,,,,,,,,,,,,,,,,,-1710.9821959158044,,
284902.5478028285,563000.0,540000.0,650.0,-580.8913344944345,13.783698102817743,21129.094888500003,-184877.93872191675,-1090394.1246731626,-4561.222167775958,-4561.222167775958,-2147.958122343311,1.0,94.0,-2058.483442532548,-2146.4008426781033,-2146.4008426781033,-1716.860915281195,429.5399273969083,429.5399273969083
287954.4459020176,558000.0,540000.0,650.0,-578.9577262091341,12.264355103482686,16995.141540750003,-181826.1740494565,-1090423.366801945,-5414.765624777616,-5414.765624777616,-2148.728027234589,1.0,94.0,-2148.728027234589,-2252.693592803095,-2252.693592803095,-1722.7396346465855,529.9539581565093,529.9539581565093
288000.0,,,,,,,,,,,,,,,,,-1728.6183540119762,,
291006.3441411017,553000.0,540000.0,650.0,-577.0241179238335,10.745012104147627,12861.188193000002,-178774.40937699625,-1090452.6089307275,-6268.309081779273,-6268.309081779273,-2152.0719188360354,1.0,94.0,-2271.068942782531,-2389.516270901427,-2389.516270901427,-1730.7800928394472,658.7361780619799,658.7361780619799
293000.0,,,,,,,,,,,,,,,,,-1732.941831666918,,
298000.0,,,,,,,,,,,,,,,,,-1733.3704422460294,,
298295.63627939485,548000.0,540000.0,650.0,-572.484333827538,4.484991181634944,6430.594096499999,-171485.42335369,-1090521.292114525,-4268.6068113407855,-4268.6068113407855,-2165.4474852418216,1.0,94.0,-2425.506189176374,-2540.8132475293637,-2540.8132475293637,-1736.3462206803697,804.467026848994,804.467026848994
303000.0,,,,,,,,,,,,,,,,,-1739.32199911471,,
304546.6152550488,543000.0,540000.0,650.0,-570.3818876322005,9.57610612688058,4133.95334775,-165234.6865986765,-1090578.37558357,-3528.176269374265,-3528.176269374265,-2185.5108348505014,1.0,94.0,-2612.039766416118,-2687.0044867799065,-2687.0044867799065,-1746.2861046225933,940.7183821573133,940.7183821573133
306000.0,,,,,,,,,,,,,,,,,-1753.2502101304767,,
308000.0,,,,,,,,,,,,,,,,,-1760.21431563836,,
308911.0761015177,538000.0,504000.0,650.0,-569.9563893560195,53.3187349347519,22966.4074875,-160870.428918503,-1090621.15207335,-6401.650146227775,-6401.650146227775,-2941.230336777432,1.0,183.0,-2821.2712572664045,-2808.5099527460593,-2808.5099527460593,-1780.4853070690192,1028.02464567704,1028.02464567704
313000.0,,,,,,,,,,,,,,,,,-1800.7562984996785,,
315323.2558052705,533000.0,504000.0,650.0,-569.9151219392087,2.722003141190813,7502.35977925,-154458.45792360467,-1090676.13855268,-4731.440755009639,-4731.440755009639,-2960.1790558522957,1.0,183.0,-2966.265302300166,-2885.749609520825,-2885.749609520825,-1828.960003423375,1056.78960609745,1056.78960609745
318000.0,,,,,,,,,,,,,,,,,-1857.1637083470712,,
318441.13551922294,528000.0,504000.0,650.0,-570.5804774573453,4.1969664737622265,12708.07880975,-151340.67080169232,-1090702.0624442,-7435.73795543672,-7435.73795543672,-2962.408316919927,1.0,183.0,-3025.875462737848,-2899.143421197206,-2899.143421197206,-1887.5055102566748,1011.6379109405311,1011.6379109405311
323000.0,,,,,,,,,,,,,,,,,-1917.8473121662785,,
323654.9902427695,523000.0,504000.0,650.0,-573.1866905206315,5.886355300889365,6430.5940965,-146126.974387874,-1090745.661479,-5814.425536873136,-5814.425536873136,-2974.669252791898,1.0,183.0,-3000.1017385794476,-2830.6777547407655,-2830.6777547407655,-1944.4143370749232,886.2634176658423,886.2634176658423
328000.0,,,,,,,,,,,,,,,,,-1970.981361983568,,
329112.8313178285,518000.0,504000.0,650.0,-577.936231610003,26.285206965339547,16995.14154075,-140669.270520774,-1090788.70971264,-10528.28515585035,-10528.28515585035,-2915.7799376083926,1.0,183.0,-2888.944129824966,-2677.3475152856495,-2677.3475152856495,-1987.8607359043867,689.4867793812627,689.4867793812627
333000.0,,,,,,,,,,,,,,,,,-2004.7401098252053,,
333983.971959442,513000.0,504000.0,650.0,-581.8556729586105,38.7127400049871,16995.141540750003,-135798.24689362402,-1090826.567217415,-11296.83447222995,-11296.83447222995,-2520.6329283447467,1.0,183.0,-2692.402636474404,-2456.80929714364,-2456.80929714364,-2006.0189587713312,450.7903383723087,450.7903383723087
338000.0,,,,,,,,,,,,,,,,,-2007.297807717457,,
339090.611835089,508000.0,504000.0,650.0,-585.36799713562,3.194704435416835,1837.3125989999999,-130691.73345259999,-1090866.5078365048,-2968.85107408116,-2968.85107408116,-2465.4961363544708,1.0,183.0,-2410.477258527761,-2195.0286801850057,-2195.0286801850057,-1993.8081077071681,201.22057247783755,201.22057247783755
342000.0,,,,,,,,,,,,,,,,,-1980.3184076968794,,
343000.0,,,,,,,,,,,,,,,,,-1966.8287076865904,,
343827.66676366696,503000.0,468000.0,650.0,-587.527146917826,4.6158290302136145,22507.07933775,-125954.887934438,-1090911.730863055,-4685.291625779464,-4685.291625779464,-2281.706829720217,1.0,211.0,-2046.283865569469,-1917.9712442800155,-1917.9712442800155,-1921.060004398528,-3.0887601185124822,3.0887601185124822
348000.0,,,,,,,,,,,,,,,,,-1875.2913011104656,,
349120.97156418854,498000.0,468000.0,650.0,-588.870947230687,6.85494114163413,16995.141540750003,-120661.82333269049,-1090962.8008902501,-6591.169677471205,-6591.169677471205,-2097.917523085963,1.0,211.0,-1702.6461538857911,-1651.602569298937,-1651.602569298937,-1805.777366752246,-154.1747974533091,154.1747974533091
353000.0,,,,,,,,,,,,,,,,,-1736.2634323940265,,
354088.88916443044,493000.0,468000.0,650.0,-589.4361345839175,4.604412948840495,20210.438588999998,-115694.1544612115,-1091012.8066286151,-5203.2553708787,-5203.2553708787,-1592.4969298417645,1.0,211.0,-1429.4180368276427,-1421.8882351120392,-1421.8882351120392,-1652.7520742302745,-230.86383911823532,230.86383911823532
358000.0,,,,,,,,,,,,,,,,,-1569.2407160665225,,
358906.95995075867,488000.0,468000.0,650.0,-589.4002893372906,1.73278918782728,14239.17264225,-110876.30601075251,-1091059.600010725,-2446.1149901149047,-2446.1149901149047,-1473.0338805294996,1.0,211.0,-1226.5995143950236,-1254.2745099921851,-1254.2745099921851,-1482.3273767761775,-228.05286678399239,228.05286678399239
363000.0,,,,,,,,,,,,,,,,,-1395.4140374858323,,
363891.6929289058,483000.0,468000.0,650.0,-589.7112909812415,2.118235249044135,12401.860043249999,-105891.654848237,-1091094.636951,-2522.12475573727,-2522.12475573727,-1206.2890471421176,1.0,211.0,-1094.1905865879344,-1157.0703794978606,-1157.0703794978606,-1315.6941597478342,-158.6237802499736,158.6237802499736
368000.0,,,,,,,,,,,,,,,,,-1235.974282009836,,
368952.4881446608,478000.0,468000.0,650.0,-591.9428797002095,2.40427794603524,10105.219294499999,-100830.8590091595,-1091122.5016751,-2777.847411978405,-2777.847411978405,-1257.3891482326499,1.0,211.0,-1032.1912534063745,-1123.575198973894,-1123.575198973894,-1174.0433085031245,-50.46810952923056,50.46810952923056
373000.0,,,,,,,,,,,,,,,,,-1112.112334996413,,
374182.21207048144,473000.0,468000.0,650.0,-596.3861995234655,2.99722513714571,11023.875594,-95601.14966169985,-1091152.48908601,-3057.0451658749753,-3057.0451658749753,-1292.937044643455,1.0,211.0,-1040.6015148503443,-1140.3876791099428,-1140.3876791099428,-1078.5657083999276,61.821970710015194,61.821970710015194
378000.0,,,,,,,,,,,,,,,,,-1045.019081803442,,
378000.0,,,,,,,,,,,,,,,,,-1047.3697373437562,,
378608.91474765836,468000.0,450000.0,650.0,-602.4122224630546,4.41875993527138,16995.14154075,-91174.4253028646,-1091174.59668353,-3631.0883787456996,-3631.0883787456996,-1346.2588892596623,1.0,171.0,-1119.4213709198439,-1194.1065305956636,-1194.1065305956636,-1049.7203928840706,144.38613771159294,144.38613771159294
383000.0,,,,,,,,,,,,,,,,,-1052.0710484243848,,
383998.8697283816,463000.0,432000.0,650.0,-612.5776598715854,4.73021686164907,10105.2192945,-85784.56269572736,-1091212.30527662,-4847.003295695735,-4847.003295695735,-1406.2459644528958,1.0,131.0,-1228.4469536838437,-1271.3304641207135,-1271.3304641207135,-1092.5278791735568,178.80258494715667,178.80258494715667
388000.0,,,,,,,,,,,,,,,,,-1132.9847099227286,,
389892.62783710874,458000.0,432000.0,650.0,-625.273112928174,18.548481267143234,21588.42303825,-79890.9266322121,-1091255.38005496,-7474.46240204995,-7474.46240204995,-1439.5721173380257,1.0,131.0,-1327.4743952113156,-1358.65819037475,-1358.65819037475,-1200.2310598142446,158.42713056050525,158.42713056050525
393000.0,,,,,,,,,,,,,,,,,-1267.4774097057607,,
393826.3647880869,453000.0,432000.0,650.0,-633.6686699176225,2.9131989755631302,22966.4074875,-75957.2205188107,-1091279.346862485,-4391.978271297445,-4391.978271297445,-1450.680834966402,1.0,131.0,-1416.5036955022592,-1442.688420047429,-1442.688420047429,-1349.145805207479,93.54261483994992,93.54261483994992
398000.0,,,,,,,,,,,,,,,,,-1430.8142007091972,,
398971.36232490826,448000.0,432000.0,650.0,-644.4467681586575,1.70103112532208,18832.45413975,-70812.16023750036,-1091300.8772020051,-2984.96569810404,-2984.96569810404,-1476.5966693589621,1.0,131.0,-1495.5348545566744,-1516.7205084835805,-1516.7205084835805,-1514.5371682889754,2.18334019460508,2.18334019460508
403000.0,,,,,,,,,,,,,,,,,-1598.2601358687537,,
403900.2120702984,443000.0,432000.0,650.0,-652.392326788736,6.410654117488141,16076.48524125,-65883.25329165875,-1091321.53456205,-6902.356200897921,-6902.356200897921,-1487.3962001595933,1.0,131.0,-1564.5678723745618,-1580.1965621215822,-1580.1965621215822,-1671.6702019944503,-91.47363987286803,91.47363987286803
408000.0,,,,,,,,,,,,,,,,,-1745.080268120147,,
409012.8789930349,438000.0,432000.0,650.0,-658.1987852381656,1.958038803403705,10105.219294499999,-60770.51322793815,-1091341.3971376051,-3422.51464828418,-3422.51464828418,-1514.3950271611711,1.0,131.0,-1623.6027489559203,-1631.4080319289706,-1631.4080319289706,-1795.80995925962,-164.40192733064941,164.40192733064941
413000.0,,,,,,,,,,,,,,,,,-1846.5396503990928,,
413976.92452960677,433000.0,432000.0,650.0,-661.7451102384415,3.2025213510930097,20210.438588999998,-55806.4197521489,-1091362.651337545,-4324.18847637792,-4324.18847637792,-1557.5931503636953,1.0,131.0,-1672.6394843007508,-1668.6115005256797,-1668.6115005256797,-1857.6538107348783,-189.0423102091986,189.0423102091986
414000.0,,,,,,,,,,,,,,,,,-1868.767971070664,,
418000.0,,,,,,,,,,,,,,,,,-1879.8821314064496,,
420764.93034847325,428000.0,396000.0,650.0,-664.471687669912,1.7427571871623302,8267.9066955,-49019.4759425589,-1091499.68143069,-2967.9250486905703,-2967.9250486905703,-1594.0415668158253,1.0,120.0,-1708.3307170393268,-1690.063550531644,-1690.063550531644,-1860.4492330527748,-170.38568252113078,170.38568252113078
423000.0,,,,,,,,,,,,,,,,,-1841.0163346991,,
424045.4640902124,423000.0,396000.0,650.0,-665.9718612277816,3.97695640428892,10564.54744425,-45739.614604437855,-1091580.52992692,-4419.01782207776,-4419.01782207776,-1599.4413322161408,1.0,120.0,-1723.772514346589,-1694.020764566798,-1694.020764566798,-1791.6148359717813,-97.5940714049832,97.5940714049832
428000.0,,,,,,,,,,,,,,,,,-1742.2133372444623,,
429008.56116786465,418000.0,396000.0,650.0,-669.898319327712,5.415170574972985,22507.07933775,-40777.53071304315,-1091701.595522185,-5149.23144509932,-5149.23144509932,-1672.3381651204006,1.0,120.0,-1718.7556661369294,-1678.7397252510762,-1678.7397252510762,-1671.866088854837,6.873636396239135,6.873636396239135
433000.0,,,,,,,,,,,,,,,,,-1601.5188404652115,,
433935.76174305094,413000.0,396000.0,650.0,-676.7977302916286,7.19055798562048,24344.39193675,-35851.35059663335,-1091822.1606218,-7335.684081742275,-7335.684081742275,-1694.8674725170447,1.0,120.0,-1693.2801724103479,-1643.0349087660334,-1643.0349087660334,-1519.2486931246162,123.78621564141713,123.78621564141713
438000.0,,,,,,,,,,,,,,,,,-1436.9785457840208,,
438947.8560879172,408000.0,396000.0,650.0,-687.250637790533,18.498887249605197,20210.438588999998,-30840.20633325235,-1091935.94024275,-12480.229003438952,-12480.229003438952,-1664.0005308372067,1.0,120.0,-1647.3460331668443,-1587.8397647783406,-1587.8397647783406,-1351.808350203793,236.03141457454763,236.03141457454763
443000.0,,,,,,,,,,,,,,,,,-1266.638154623565,,
443945.65767677943,403000.0,396000.0,650.0,-700.034385735357,38.69317076718475,18832.45413975,-25843.31584232915,-1092045.4790256252,-14287.00488228255,-14287.00488228255,-1636.563249344017,1.0,120.0,-1580.9532484064184,-1518.1034742498334,-1518.1034742498334,-1187.5907615150415,330.5127127347919,330.5127127347919
448000.0,,,,,,,,,,,,,,,,,-1108.543368406518,,
448675.82258618873,398000.0,396000.0,650.0,-712.3149868356575,11.048180741418001,11942.5318935,-21114.03854307705,-1092150.86052254,-8041.728515311545,-8041.728515311545,-1626.2742687840712,1.0,120.0,-1494.101818129071,-1439.2055817042449,-1439.2055817042449,-1065.821903780046,373.383677924199,373.383677924199
450000.0,,,,,,,,,,,,,,,,,-1023.1004391535735,,
453000.0,,,,,,,,,,,,,,,,,-980.3789745271011,,
453982.761852193,393000.0,360000.0,650.0,-723.5618017347645,3.016868012841825,17913.79784025,-15808.14205896985,-1092272.565950865,-3930.22717268064,-3930.22717268064,-1581.6886863576383,1.0,280.0,-1392.6016504204342,-1356.5256316653092,-1356.5256316653092,-934.1492859838356,422.3763456814736,422.3763456814736
458000.0,,,,,,,,,,,,,,,,,-887.9195974405701,,
459189.3161128919,388000.0,360000.0,650.0,-731.7310749753619,7.256185453204245,13320.516342750001,-10602.6762020505,-1092396.916727935,-4296.937866027305,-4296.937866027305,-1454.7912594516372,1.0,280.0,-1300.3379229658854,-1275.4431686567598,-1275.4431686567598,-857.7565310539044,417.6866376028554,417.6866376028554
463000.0,,,,,,,,,,,,,,,,,-827.5934646672385,,
463938.5804015879,383000.0,360000.0,650.0,-736.4848885462075,48.0742997257086,21129.0948885,-5854.487496171395,-1092516.732847625,-10338.352538669416,-10338.352538669416,-1341.6124732922308,1.0,280.0,-1219.892817136817,-1201.3377372023303,-1201.3377372023303,-809.9252479574868,391.4124892448435,391.4124892448435
468000.0,,,,,,,,,,,,,,,,,-792.2570312477352,,
468938.61121903843,378000.0,360000.0,650.0,-739.912278237503,2.026701463926525,5971.26594675,-855.653752592758,-1092647.510689855,-1805.046386621505,-1805.046386621505,-1151.266332933229,1.0,280.0,-1151.266332933229,-1138.6205638114825,-1138.6205638114825,-783.5118917352116,355.10867207627086,355.10867207627086
473000.0,,,,,,,,,,,,,,,,,-774.7667522226881,,
473958.25899531867,373000.0,360000.0,650.0,-742.4996192263916,64.8565331227663,20669.76673875,4164.33195291708,-1092648.6961230598,-8857.30395473641,-8857.30395473641,-1058.8368045516952,1.0,280.0,-1094.4584703551218,-1087.4381368066222,-1087.4381368066222,-771.3729174277069,316.06521937891534,316.06521937891534
478000.0,,,,,,,,,,,,,,,,,-767.9790826327256,,
478992.103508329,368000.0,360000.0,650.0,-744.7578584277485,3.1260691131244247,8727.23484525,9199.179815117515,-1092591.98457397,-1580.76782217616,-1580.76782217616,-997.217118964006,1.0,280.0,-1049.4692294024944,-1044.8807349829437,-1044.8807349829437,-766.364780075601,278.5159549073428,278.5159549073428
483000.0,,,,,,,,,,,,,,,,,-764.7504775184761,,
483875.2533151608,363000.0,360000.0,650.0,-748.2881238554695,1.52723602048874,7349.2503959999995,14083.3882411679,-1092527.092125725,-1800.361694238855,-1800.361694238855,-965.7517476000796,1.0,280.0,-1016.298610075348,-1007.3999178467828,-1007.3999178467828,-762.4794489858401,244.92046886094272,244.92046886094272
486000.0,,,,,,,,,,,,,,,,,-760.2084204532041,,
488000.0,,,,,,,,,,,,,,,,,-757.9373919205681,,
489707.5808640587,358000.0,324000.0,650.0,-754.5767258612495,3.4070343020114704,5971.26594675,19916.93060726145,-1092450.5530524352,-2623.150634640015,-2623.150634640015,-959.1964618992617,1.0,141.0,-993.2433609367226,-971.4472449044744,-971.4472449044744,-758.4744557132667,212.97278919120765,212.97278919120765
493000.0,,,,,,,,,,,,,,,,,-759.0115195059655,,
493982.46907865116,353000.0,324000.0,650.0,-760.3967685816569,1.374360051637435,2296.64074875,24192.6323308747,-1092399.192231595,-919.855468683445,-919.855468683445,-947.3969476377893,1.0,141.0,-964.548406194747,-933.4742756623538,-933.4742756623538,-762.947696878192,170.52657878416176,170.52657878416176
498000.0,,,,,,,,,,,,,,,,,-766.8838742504186,,
499034.54035283404,348000.0,324000.0,650.0,-769.0977075263925,26.262140771756304,20210.438588999998,29245.5473949353,-1092347.2715499601,-9365.61132776563,-9365.61132776563,-913.3094619935357,1.0,141.0,-926.3814301162633,-889.932569626756,-889.932569626756,-771.2046083459541,118.72796128080199,118.72796128080199
503000.0,,,,,,,,,,,,,,,,,-775.5253424414896,,
504215.5269526692,343000.0,324000.0,650.0,-778.2079728361196,12.54031369483001,15157.82894175,34427.42325358585,-1092289.48648133,-5475.200866474735,-5475.200866474735,-870.0445763681369,1.0,141.0,-878.742432701271,-837.5575615435097,-837.5575615435097,-779.3585224730655,58.1990390704442,58.1990390704442
508000.0,,,,,,,,,,,,,,,,,-783.1917025046415,,
508545.12278057216,338000.0,324000.0,650.0,-784.645939296831,1.42896657592885,12861.188193,38757.751547102744,-1092240.38417198,-1461.18896475843,-1461.18896475843,-883.6308701531759,1.0,141.0,-821.6314139497705,-776.0979869672586,-784.645939296831,-786.970672672011,-2.324733375180017,2.324733375180017
513000.0,,,,,,,,,,,,,,,,,-790.7496428393805,,
514084.4904816945,333000.0,324000.0,650.0,-791.9183846511135,4.122613456903,17913.79784025,44297.99503312705,-1092181.232201525,-4043.1329343954803,-4043.1329343954803,-892.340482670535,1.0,141.0,-755.0483738617617,-718.7273105771211,-791.9183846511135,-799.8696328992672,-7.9512482481537745,7.9512482481537745
518000.0,,,,,,,,,,,,,,,,,-808.989622959154,,
519058.1696992908,328000.0,324000.0,650.0,-796.0950430941145,4.61216908403291,24344.39193675,49272.520322699755,-1092119.76904317,-2779.2031248689846,-2779.2031248689846,-924.6904720207266,1.0,141.0,-678.9933124372446,-684.8182745482718,-796.0950430941145,-845.2240149689915,-49.128971874876925,49.128971874876925
522000.0,,,,,,,,,,,,,,,,,-881.4584069788291,,
523000.0,,,,,,,,,,,,,,,,,-917.6927989886666,,
523931.0898032561,323000.0,288000.0,650.0,-796.789034281629,1.343276353794365,3215.29704825,54146.264303815,-1092057.7128296448,-1038.2263793238699,-1038.2263793238699,-957.0404613709181,1.0,62.0,-595.7909587372402,-693.743621055885,-796.789034281629,-997.9058560502162,-201.11682176858722,201.11682176858722
528000.0,,,,,,,,,,,,,,,,,-1078.118913111766,,
529770.4919010176,318000.0,288000.0,650.0,-793.432318669765,3.11839129124761,12401.86004325,59985.8437027892,-1092066.71089859,-4298.216918761635,-4298.216918761635,-975.7039167652592,1.0,62.0,-582.1573717754388,-764.8760922751352,-793.432318669765,-1183.0772452157748,-389.64492654600986,389.64492654600986
533000.0,,,,,,,,,,,,,,,,,-1288.0355773197834,,
535003.4202361603,313000.0,288000.0,650.0,-787.5387306122285,2.1509813840287553,21588.42303825,65218.62338763425,-1092107.1493475148,-5163.419433380075,-5163.419433380075,-979.4366078441276,1.0,62.0,-675.2882165281754,-917.5884303811964,-917.5884303811964,-1411.5309519393386,-493.9425215581422,493.9425215581422
538000.0,,,,,,,,,,,,,,,,,-1535.0263265588935,,
538585.9410161996,308000.0,288000.0,650.0,-781.300597781727,1.327975841056435,17913.79784025,68801.06256959334,-1092132.681645385,-4141.75097638425,-4141.75097638425,-981.9250685633731,1.0,62.0,-875.1834929954497,-1170.8659227057396,-1170.8659227057396,-1670.3106648603948,-499.44474215465516,499.44474215465516
543000.0,,,,,,,,,,,,,,,,,-1805.595003161896,,
543767.4139327117,303000.0,288000.0,650.0,-770.540169965127,2.781227207318595,10564.54744425,73982.39372775654,-1092172.11479753,-3937.499999828825,-3937.499999828825,-2473.5349221614815,1.0,62.0,-1181.843201177262,-1530.9078467448207,-1530.9078467448207,-1945.9202263117422,-415.0123795669215,415.0123795669215
548000.0,,,,,,,,,,,,,,,,,-2086.245449461588,,
548493.0347199625,298000.0,288000.0,650.0,-758.7734245507255,5.0314185749314255,13320.516342750001,78707.84594275229,-1092212.25236641,-6876.67358371131,-6876.67358371131,-3002.7791097878107,1.0,62.0,-1595.267341073612,-1980.6615364537165,-1980.6615364537165,-2224.863478626178,-244.2019421724617,244.2019421724617
553000.0,,,,,,,,,,,,,,,,,-2363.481507790769,,
555276.6859970294,293000.0,288000.0,650.0,-741.833397005748,1.243414343674675,7349.2503959999995,85491.39363203855,-1092255.07727379,-3195.1052244639395,-3195.1052244639395,-3333.556727054267,1.0,62.0,-2115.4559126845,-2486.0216597429803,-2486.0216597429803,-2493.6442641365034,-7.622604393523034,7.622604393523034
558000.0,,,,,,,,,,,,,,,,,-2623.807020482238,,
558000.0,,,,,,,,,,,,,,,,,-2701.2563930711217,,
560202.6785762284,288000.0,270000.0,650.0,-730.8313466174045,6.915063300016641,13779.8444925,90417.350761434,-1092281.854160065,-11142.362060125944,-11142.362060125944,-3399.7122505075577,1.0,71.5,-2742.4089160099256,-3012.882884523166,-3012.882884523166,-2778.7057656600055,234.17711886316056,234.17711886316056
563000.0,,,,,,,,,,,,,,,,,-2856.155138248889,,
565466.6617209263,283000.0,252000.0,650.0,-719.791849819764,7.53062037652732,16995.14154075,95681.3111193172,-1092308.763149655,-14463.24414008895,-14463.24414008895,-3465.8677739608493,1.0,81.0,-3373.8103547815504,-3527.1398787048274,-3527.1398787048274,-2957.9439900212833,569.1958886835441,569.1958886835441
568000.0,,,,,,,,,,,,,,,,,-3059.7328417936774,,
569203.04340192,278000.0,252000.0,650.0,-714.003450759407,3.12034587731693,22507.07933775,99417.69115871005,-1092326.2352511,-11695.8066401849,-11695.8066401849,-3664.3343443207223,1.0,81.0,-3907.3442327310336,-3994.687310198518,-3994.687310198518,-3148.605687201332,846.0816229971861,846.0816229971861
573000.0,,,,,,,,,,,,,,,,,-3237.4785326089864,,
574134.6989477292,273000.0,252000.0,650.0,-707.2866983060105,2.903505981942485,20669.766738749997,104349.31421577549,-1092352.5054742652,-10371.121581637035,-10371.121581637035,-4061.2674850404696,1.0,81.0,-4343.010549858376,-4381.41984691479,-4381.41984691479,-3315.227079878966,1066.1927670358236,1066.1927670358236
578000.0,,,,,,,,,,,,,,,,,-3392.975627148945,,
578871.2991283997,268000.0,252000.0,650.0,-701.4952928813625,5.474568562463635,22966.4074875,109085.7695041075,-1092390.0449979901,-11406.1269526949,-11406.1269526949,-4599.179543325526,1.0,81.0,-4680.809306163578,-4670.2848228089215,-4670.2848228089215,-3461.391584508314,1208.8932383006077,1208.8932383006077
583000.0,,,,,,,,,,,,,,,,,-3529.807541867683,,
584066.8051359436,263000.0,252000.0,650.0,-694.5415000216819,10.1320923551658,22966.4074875,114281.1051406395,-1092432.4588423548,-11568.243651908015,-11568.243651908015,-4704.642193562254,1.0,81.0,-4920.74050164664,-4865.543920088104,-4865.543920088104,-3590.6826175435044,1274.8613025445993,1274.8613025445993
588000.0,,,,,,,,,,,,,,,,,-3651.5576932193258,,
588966.2746651275,258000.0,252000.0,650.0,-687.3288102301615,2.67204006836506,22966.4074875,119180.418078107,-1092472.00760346,-6544.29418919158,-6544.29418919158,-4810.104843798983,1.0,81.0,-5062.804136307561,-4980.24854051186,-4980.24854051186,-3706.6835954386643,1273.5649450731953,1273.5649450731953
593000.0,,,,,,,,,,,,,,,,,-3761.8094976580032,,
593544.4208451144,253000.0,240000.0,650.0,-678.7749590346783,4.52883817499238,23119.516870749998,123758.51655424699,-1092498.1943317067,-10426.352538666386,-10426.352538666386,-4835.7381268426325,1.0,101.66666666666666,-5107.000210146339,-5027.716440977662,-5027.716440977662,-3787.3220478238804,1240.394393153782,1240.394393153782
594000.0,,,,,,,,,,,,,,,,,-3812.8345979897576,,
596714.8754882159,248000.0,228000.0,650.0,-672.7332992412737,4.6155507993239695,21894.64180475,126928.95562711,-1092514.3901073933,-11873.051757366244,-11873.051757366244,-4837.202885873698,1.0,122.33333333333333,-5078.898816406126,-5021.265378382985,-5021.265378382985,-3838.347148155635,1182.9182302273498,1182.9182302273498
598000.0,,,,,,,,,,,,,,,,,-3863.859698321512,,
603000.0,,,,,,,,,,,,,,,,,-3958.307072403215,,
605213.1174584023,243000.0,216000.0,650.0,-655.791233772291,5.911374781813647,21894.641804749997,135427.434756898,-1092526.83673991,-10987.7662756261,-10987.7662756261,-4844.526681029027,1.0,143.0,-5031.238272400912,-4974.213109625299,-4974.213109625299,-3986.731226861533,987.481882763766,987.481882763766
607530.9670853207,238000.0,216000.0,650.0,-651.524352725526,9.123866469952624,19444.89167275,137745.385119601,-1092526.08913083,-10822.022786048501,-10822.022786048501,-4845.991440060092,1.0,143.0,-4965.616708958394,-4899.877391602079,-4899.877391602079,-4015.15538131985,884.7220102822289,884.7220102822289
608000.0,,,,,,,,,,,,,,,,,-4043.579535778168,,
613000.0,,,,,,,,,,,,,,,,,-4117.365200027333,,
613934.7731471923,233000.0,216000.0,650.0,-640.78357891415,6.99688642880891,20210.438588999998,144149.35320651752,-1092536.6427809452,-8715.68749966318,-8715.68749966318,-4833.141801878723,1.0,143.0,-4882.0341260785735,-4807.314299003606,-4807.314299003606,-4147.358688379504,659.9556106241016,659.9556106241016
618000.0,,,,,,,,,,,,,,,,,-4177.352176731675,,
618854.1684914653,228000.0,216000.0,650.0,-635.765076837655,2.66243246612917,17454.469690500002,149068.8016083085,-1092552.5386283249,-5769.116943124705,-5769.116943124705,-4536.515272778826,1.0,143.0,-4780.490523761449,-4698.073571652547,-4698.073571652547,-4199.2903771019155,498.7831945506314,498.7831945506314
623000.0,,,,,,,,,,,,,,,,,-4221.228577472156,,
623949.0170396086,223000.0,216000.0,650.0,-633.6983158174196,1.6633278743454398,20210.438588999998,154163.68900650652,-1092570.677988905,-4946.012695106365,-4946.012695106365,-4483.691370336379,1.0,143.0,-4660.98590200702,-4578.7147312707875,-4578.7147312707875,-4233.955545650948,344.7591856198396,344.7591856198396
628000.0,,,,,,,,,,,,,,,,,-4246.682513829739,,
628940.0456592385,218000.0,216000.0,650.0,-632.645448525006,2.193576230155435,19751.11043925,159154.8143634675,-1092581.634256035,-6091.96582006664,-6091.96582006664,-4422.740713672016,1.0,143.0,-4523.520260815288,-4456.367692773422,-4456.367692773422,-4248.271120937749,208.09657183567288,208.09657183567288
630000.0,,,,,,,,,,,,,,,,,-4249.859728045759,,
633000.0,,,,,,,,,,,,,,,,,-4251.448335153769,,
634415.0361186244,213000.0,180000.0,650.0,-633.563888981336,1.72045899655058,10564.54744425,164629.885796481,-1092596.311834685,-4755.710449019215,-4755.710449019215,-4329.2830401199935,1.0,138.0,-4375.793908294554,-4338.162371075546,-4338.162371075546,-4243.117286151963,95.04508492358309,95.04508492358309
638000.0,,,,,,,,,,,,,,,,,-4234.786237150155,,
639125.1862299175,208000.0,180000.0,650.0,-635.1250011946966,10.422259293699634,21588.423038250003,169340.07486638502,-1092612.318655725,-9574.718749633419,-9574.718749633419,-4317.092908787121,1.0,138.0,-4249.463666667838,-4231.228681092253,-4231.228681092253,-4217.33437342035,13.894307671903334,13.894307671903334
643000.0,,,,,,,,,,,,,,,,,-4199.882509690544,,
643975.0320358259,203000.0,180000.0,650.0,-637.516292427661,13.089532120147961,17454.469690500002,174189.9584863215,-1092628.9493846102,-9405.49047815487,-9405.49047815487,-4284.585891899461,1.0,138.0,-4147.951895094384,-4142.696537738638,-4142.696537738638,-4176.49612110439,-33.79958336575237,33.79958336575237
648000.0,,,,,,,,,,,,,,,,,-4153.109732518237,,
648953.8459460449,198000.0,180000.0,650.0,-642.3383836981945,3.05671624345441,24344.39193675,179168.8459852465,-1092641.857743175,-5593.920409927655,-5593.920409927655,-4071.258593574192,1.0,138.0,-4071.258593574192,-4078.412471245078,-4078.412471245078,-4126.975108947385,-48.5626377023068,48.5626377023068
653000.0,,,,,,,,,,,,,,,,,-4100.840485376532,,
653679.7157673502,193000.0,180000.0,650.0,-648.6036991124199,1.60781379872829,16076.48524125,183894.756917277,-1092657.32193531,-4691.113281052705,-4691.113281052705,-4084.9868569200703,1.0,138.0,-4019.383762107263,-4038.7450643419165,-4038.7450643419165,-4075.143916692631,-36.398852350714606,36.398852350714606
658000.0,,,,,,,,,,,,,,,,,-4049.4473480087295,,
658938.6919484611,188000.0,180000.0,650.0,-660.9261421754379,3.964607576261325,15157.828941749998,189153.757496995,-1092676.9065555949,-6719.518066138629,-6719.518066138629,-4099.963144206483,1.0,138.0,-3992.3274006935962,-4021.6257597848034,-4021.6257597848034,-4027.375124083428,-5.749364298624641,5.749364298624641
663000.0,,,,,,,,,,,,,,,,,-4005.302900158127,,
666000.0,,,,,,,,,,,,,,,,,-3995.1285072947594,,
666272.709577271,183000.0,168000.0,650.0,-683.607458705238,1.4861293654586767,11483.20374375,196487.79488148168,-1092705.71502553,-4964.72363260572,-4964.72363260572,-4102.375990491515,1.0,142.66666666666666,-3990.0895093331933,-4024.5319267879445,-4024.5319267879445,-3984.9541144313916,39.57781235655284,39.57781235655284
668000.0,,,,,,,,,,,,,,,,,-3974.779721568024,,
669251.3706633783,178000.0,156000.0,650.0,-693.593924235411,1.4011520585709132,12401.860043249999,199466.46254409934,-1092717.53016748,-5003.086425573139,-5003.086425573139,-4102.542393683587,1.0,147.33333333333334,-4011.4592252488706,-4044.9409345655463,-4044.9409345655463,-3967.9219118390465,77.01902272649977,77.01902272649977
673000.0,,,,,,,,,,,,,,,,,-3961.0641021100687,,
673206.7553811789,173000.0,144000.0,650.0,-707.0577250477095,2.7993718051284198,13320.516342750001,203421.85741882,-1092733.0016913149,-7581.64282196812,-7581.64282196812,-4103.457611239979,1.0,152.0,-4045.2360677517054,-4080.330152331815,-4080.330152331815,-3962.4486547011056,117.88149763070942,117.88149763070942
678000.0,,,,,,,,,,,,,,,,,-3963.833207292143,,
678922.5309173856,168000.0,144000.0,650.0,-727.4775441949675,2.93358355498296,23425.73563725,209137.6295984925,-1092757.41112778,-6123.704589596789,-6123.704589596789,-4119.931527255032,1.0,152.0,-4088.69559559304,-4128.176949300956,-4128.176949300956,-3972.9657818871337,155.2111674138223,155.2111674138223
683000.0,,,,,,,,,,,,,,,,,-3982.098356482125,,
683964.7741945302,163000.0,144000.0,650.0,-746.0763529809644,3.08199975583908,21588.42303825,214179.9025281085,-1092774.957741365,-5823.51098609157,-5823.51098609157,-4135.906233693872,1.0,152.0,-4141.837808772874,-4186.16050515004,-4186.16050515004,-3998.474524187133,187.68598096290725,187.68598096290725
688000.0,,,,,,,,,,,,,,,,,-4014.8506918921407,,
688397.8584084635,158000.0,144000.0,650.0,-764.4671592531745,6.14204989973817,15157.828941749998,218613.002180002,-1092791.575271265,-6942.682616912125,-6942.682616912125,-4100.282735569386,1.0,152.0,-4204.662707291207,-4253.826746337624,-4253.826746337624,-4037.966023813227,215.86072252439726,215.86072252439726
693000.0,,,,,,,,,,,,,,,,,-4061.081355734313,,
694112.1058384804,153000.0,144000.0,650.0,-793.4918455145109,2.7699641810738953,14698.500791999999,224327.28216146748,-1092811.36113192,-6579.8640134091,-6579.8640134091,-4063.267533636273,1.0,152.0,-4277.170291148041,-4331.175672863707,-4331.175672863707,-4090.431422977539,240.7442498861683,240.7442498861683
698000.0,,,,,,,,,,,,,,,,,-4119.781490220765,,
698756.8921721956,148000.0,144000.0,650.0,-822.72960522987,5.548076583409525,12401.860043249999,228972.0983516625,-1092826.9343034402,-9565.784667602446,-9565.784667602446,-4052.380709538299,1.0,152.0,-4359.360560343373,-4418.20728472829,-4418.20728472829,-4143.168406001717,275.0388787265729,275.0388787265729
702000.0,,,,,,,,,,,,,,,,,-4166.555321782668,,
703000.0,,,,,,,,,,,,,,,,,-4189.94223756362,,
705018.9897240446,143000.0,108000.0,650.0,-868.290089737864,2.076315936435045,12401.860043249999,235234.26478329248,-1092844.2963239,-5555.94335914772,-5555.94335914772,-4041.4938854403244,1.0,27.0,-4451.233514877207,-4514.921581931372,-4514.921581931372,-4230.409906015371,284.51167591600097,284.51167591600097
708000.0,,,,,,,,,,,,,,,,,-4270.877574467121,,
708934.6458568233,138000.0,108000.0,650.0,-901.4143147054194,2.923542956736765,19291.7822895,239149.92991917802,-1092859.220440885,-6853.695068087105,-6853.695068087105,-4021.8976020639707,1.0,27.0,-4552.789154749538,-4619.493895184488,-4619.493895184488,-4316.722449121317,302.7714460631705,302.7714460631705
713000.0,,,,,,,,,,,,,,,,,-4362.567323775514,,
713541.570583348,133000.0,108000.0,650.0,-941.353150428909,2.814747449297645,19291.7822895,243756.924123709,-1092869.479982475,-5970.270507570855,-5970.270507570855,-3997.946589048427,1.0,27.0,-4664.02747996037,-4722.598137013248,-4722.598137013248,-4396.7153776799405,325.88275933330715,325.88275933330715
716894.6135581774,128000.0,108000.0,650.0,-969.7640465094307,2.3224307907696775,23196.071562375,247110.004620876,-1092878.47554537,-6091.23522924635,-6091.23522924635,-3995.769224228832,1.0,27.0,-4784.948490509702,-4814.09725581506,-4814.09725581506,-4430.863431584368,383.2338242306914,383.2338242306914
718000.0,,,,,,,,,,,,,,,,,-4465.011485488795,,
722295.4131979395,123000.0,108000.0,650.0,-1014.7897762145103,1.6497429167359323,19062.118214625,252510.85771482,-1092893.71038419,-5683.7105710573505,-5683.7105710573505,-3996.9491454578847,1.0,27.0,-4904.604170666731,-4883.854199987327,-4883.854199987327,-4521.610772547881,362.24342743944544,362.24342743944544
723000.0,,,,,,,,,,,,,,,,,-4578.210059606968,,
729305.5778853736,118000.0,99000.0,650.0,-1064.287217955,5.378458351082619,16765.477465875,259521.05985615752,-1092917.2590981424,-8273.760131514427,-8273.760131514427,-4009.4264654715575,1.0,46.75,-4977.9860113159375,-4921.731917927456,-4921.731917927456,,,
732903.3252078528,113000.0,90000.0,650.0,-1086.1213861004799,8.798903938263646,17454.469690500002,263118.818217389,-1092930.295939295,-9684.874267207684,-9684.874267207684,-4010.5607672909828,1.0,66.5,-5000.228227688076,-4917.593358032853,-4917.593358032853,,,
736501.0728689447,108000.0,81000.0,650.0,-1107.95555424596,12.219349525444674,18143.461915125,266716.57657862053,-1092943.3327804476,-11095.988402900943,-11095.988402900943,-4011.6950691104075,1.0,86.25,-4971.330819783144,-4863.126137989389,-4863.126137989389,,,
738000.0,,,,,,,,,,,,,,,,,,,
743931.7543419732,103000.0,72000.0,650.0,-1143.533975964665,2.336477381348185,15157.82894175,274147.293825348,-1092968.4032894,-4962.62109354329,-4962.62109354329,-4142.1397783442635,1.0,106.0,-4891.293787601147,-4757.519293668855,-4757.519293668855,,,
749087.0441567719,98000.0,72000.0,650.0,-1154.2814370691349,11.347129031252585,20210.438589,279303.9776180375,-1092809.8334809649,-9560.52685510265,-9560.52685510265,-4237.42113117595,1.0,106.0,-4760.11713114208,-4600.772825071254,-4600.772825071254,,,
754049.4875109163,93000.0,72000.0,650.0,-1155.96974031848,18.42891228908655,23885.063787,284268.3170847935,-1092575.17408559,-12523.53417921865,-12523.53417921865,-4396.223385895428,1.0,106.0,-4577.800850405944,-4392.886732196585,-4392.886732196585,,,
758960.7569056437,88000.0,72000.0,650.0,-1148.456739293385,24.38307081705595,23885.063787,289181.3475704605,-1092345.754426905,-14169.6201166616,-14169.6201166616,-3979.230813426012,1.0,106.0,-4344.344945392742,-4133.8610150448485,-4133.8610150448485,,,
767749.8383054818,83000.0,64800.0,650.0,-1111.902019593936,40.04000722092928,21955.885558050002,297973.3765487484,-1091931.508369146,-16377.783690803819,-16377.783690803819,-3390.6953648380186,1.0,103.2,-4059.74941610247,-3828.347509935232,-3828.347509935232,,,
771660.2568040362,78000.0,57600.0,650.0,-1091.020771488252,30.378368693375457,21404.69177835,301885.0250118918,-1091745.290208582,-13975.692382293339,-13975.692382293339,-3370.0449982208956,1.0,100.4,-3724.0142625351305,-3490.5924655952526,-3490.5924655952526,,,
775570.7324193285,73000.0,50400.0,650.0,-1070.139523382568,20.716730165821637,20853.49799865,305796.67347503523,-1091559.072048018,-11573.601073782858,-11573.601073782858,-3349.394631603773,1.0,97.6,-3337.139484690724,-3135.1328705223737,-3135.1328705223737,,,
779481.2642917347,68000.0,43200.0,650.0,-1049.258275276884,11.055091638267813,20302.304218949997,309708.3219381786,-1091372.8538874541,-9171.50976527238,-9171.50976527238,-3328.7442649866503,1.0,94.8,-2927.0361004843808,-2776.505713214063,-2776.505713214063,,,
783772.5488738795,63000.0,36000.0,650.0,-1025.463665028845,1.4527339529133099,20210.438588999998,314000.76878487703,-1091168.37139785,-6766.513427465125,-6766.513427465125,-3256.4679818267214,1.0,92.0,-2551.270584366065,-2429.2479821677844,-2429.2479821677844,,,
788600.7984983219,58000.0,36000.0,650.0,-992.696950727094,3.29667577508104,20210.438588999998,318830.2731185835,-1090933.101021565,-9605.406737913574,-9605.406737913574,-2533.705150227431,1.0,92.0,-2211.587374955473,-2107.8966658810027,-2107.8966658810027,,,
793851.2456231171,53000.0,36000.0,650.0,-966.281808823856,3.168812079212035,21818.087113125002,324081.9976555888,-1090675.1798882,-8450.972411781742,-8450.972411781742,-1962.6332874763757,1.0,92.0,-1907.9864722526042,-1822.3369165319957,-1822.3369165319957,,,
